Multilayer Perceptron,Initials,Interaction,Fold,Accuracy,Precision,Recall,F1,Execution time,Initial Date/Hour,Final Date/Hour
Extra Trees,ET,1,1,0.6285714285714286,0.6680417621594091,0.5294007952831482,0.5448677302440342,0h:20m:38s,Sun Jul 18 23:38:24 2021,Sun Jul 18 23:59:03 2021
Gradient Tree Boosting,GTB,1,1,0.6285714285714286,0.5652441240676535,0.5214383655560125,0.5283326868034514,0h:22m:9s,Sun Jul 18 23:59:03 2021,Mon Jul 19 00:21:12 2021
k-Nearest Neighbors,KNN,1,1,0.5904761904761905,0.5222043865225683,0.5373632250102838,0.5240484106628307,0h:6m:8s,Mon Jul 19 00:21:12 2021,Mon Jul 19 00:27:20 2021
Logistic Regression,LR,1,1,0.6761904761904762,0.6018866160577391,0.5985808309337721,0.5925494175494175,0h:43m:1s,Mon Jul 19 00:27:20 2021,Mon Jul 19 01:10:21 2021
Multilayer Perceptron,MLP,1,1,0.6666666666666666,0.6020469850015305,0.5790744549568079,0.5745032745032744,0h:12m:26s,Mon Jul 19 01:10:21 2021,Mon Jul 19 01:22:48 2021
Multinomial Naive Bayes,MNB,1,1,0.6285714285714286,0.5574183392365211,0.6093774852598381,0.5515512265512266,0h:4m:26s,Mon Jul 19 01:22:48 2021,Mon Jul 19 01:27:14 2021
Passive Aggressive,PA,1,1,0.638095238095238,0.5426623106930012,0.5527163033045386,0.5436116714226761,0h:8m:24s,Mon Jul 19 01:27:14 2021,Mon Jul 19 01:35:38 2021
Random Forest,RF,1,1,0.6285714285714286,0.6341991341991341,0.5082778006307418,0.5168811849446547,0h:17m:36s,Mon Jul 19 01:43:57 2021,Mon Jul 19 02:01:34 2021
Stochastic Gradient Descent,SGD,1,1,0.638095238095238,0.6634089372426086,0.568188674071027,0.5705681464504994,0h:14m:21s,Mon Jul 19 02:01:34 2021,Mon Jul 19 02:15:55 2021
Support Vector Machine,SVM,1,1,0.6476190476190476,0.5602093798281147,0.5113081036610448,0.507103027691263,0h:7m:44s,Mon Jul 19 02:15:55 2021,Mon Jul 19 02:23:40 2021
Extra Trees,ET,1,2,0.6190476190476191,0.5966958480116376,0.5079514603044015,0.5306117530716462,0h:21m:38s,Mon Jul 19 02:23:40 2021,Mon Jul 19 02:45:19 2021
Gradient Tree Boosting,GTB,1,2,0.6285714285714286,0.4909762252008241,0.48228301110654054,0.4741310165038979,0h:34m:17s,Mon Jul 19 02:45:19 2021,Mon Jul 19 03:19:37 2021
k-Nearest Neighbors,KNN,1,2,0.638095238095238,0.5716079375170284,0.6331866173042644,0.5897444801188118,0h:7m:2s,Mon Jul 19 03:19:37 2021,Mon Jul 19 03:26:39 2021
Logistic Regression,LR,1,2,0.6285714285714286,0.5844811753902662,0.5714575620457973,0.562616310892173,0h:35m:47s,Mon Jul 19 03:26:39 2021,Mon Jul 19 04:02:27 2021
Multilayer Perceptron,MLP,1,2,0.638095238095238,0.6144628099173555,0.5969957493486905,0.5791430208971439,0h:14m:33s,Mon Jul 19 04:02:27 2021,Mon Jul 19 04:17:01 2021
Multinomial Naive Bayes,MNB,1,2,0.6,0.542028767429837,0.6141190182366653,0.5495262313444133,0h:4m:12s,Mon Jul 19 04:17:01 2021,Mon Jul 19 04:21:14 2021
Passive Aggressive,PA,1,2,0.6476190476190476,0.5660525011568656,0.5845111750994104,0.569988724309017,0h:8m:22s,Mon Jul 19 04:21:14 2021,Mon Jul 19 04:29:36 2021
Random Forest,RF,1,2,0.580952380952381,0.580737859882245,0.4099424105306459,0.44946205755029284,0h:18m:13s,Mon Jul 19 04:38:27 2021,Mon Jul 19 04:56:41 2021
Stochastic Gradient Descent,SGD,1,2,0.6285714285714286,0.5743949232585596,0.6183381324557795,0.5828598062709774,0h:14m:19s,Mon Jul 19 04:56:41 2021,Mon Jul 19 05:11:01 2021
Support Vector Machine,SVM,1,2,0.6,0.5849769190678282,0.5297463320992732,0.5348140129665057,0h:7m:35s,Mon Jul 19 05:11:01 2021,Mon Jul 19 05:18:36 2021
Extra Trees,ET,1,3,0.6666666666666666,0.5938620656324006,0.529965720553956,0.5470531159172134,0h:16m:14s,Mon Jul 19 05:18:36 2021,Mon Jul 19 05:34:51 2021
Gradient Tree Boosting,GTB,1,3,0.5523809523809524,0.5895691696427693,0.4075784999314411,0.4334446334446334,0h:59m:31s,Mon Jul 19 05:34:51 2021,Mon Jul 19 06:34:22 2021
k-Nearest Neighbors,KNN,1,3,0.6190476190476191,0.6092592592592593,0.5727766351295762,0.5559779480832113,0h:6m:24s,Mon Jul 19 06:34:22 2021,Mon Jul 19 06:40:47 2021
Logistic Regression,LR,1,3,0.6761904761904762,0.6905002405002404,0.6128890717126011,0.6385623945432558,0h:39m:33s,Mon Jul 19 06:40:47 2021,Mon Jul 19 07:20:20 2021
Multilayer Perceptron,MLP,1,3,0.6095238095238096,0.6088744588744589,0.614589332236391,0.5920120394737068,0h:13m:52s,Mon Jul 19 07:20:20 2021,Mon Jul 19 07:34:12 2021
Multinomial Naive Bayes,MNB,1,3,0.7047619047619048,0.705001215362178,0.6929727135609489,0.6840942026747802,0h:4m:23s,Mon Jul 19 07:34:12 2021,Mon Jul 19 07:38:36 2021
Passive Aggressive,PA,1,3,0.6952380952380952,0.704404686222868,0.6239051144933498,0.6509338722504867,0h:8m:25s,Mon Jul 19 07:38:36 2021,Mon Jul 19 07:47:01 2021
Random Forest,RF,1,3,0.638095238095238,0.627618288144604,0.4855697243932538,0.512364708711822,0h:20m:56s,Mon Jul 19 07:55:19 2021,Mon Jul 19 08:16:16 2021
Stochastic Gradient Descent,SGD,1,3,0.638095238095238,0.6304147465437788,0.5617605923488276,0.5871583828417613,0h:12m:54s,Mon Jul 19 08:16:16 2021,Mon Jul 19 08:29:10 2021
Support Vector Machine,SVM,1,3,0.6095238095238096,0.6287941283816552,0.5235129576306047,0.5557086011631466,0h:8m:7s,Mon Jul 19 08:29:10 2021,Mon Jul 19 08:37:18 2021
Extra Trees,ET,1,4,0.7333333333333333,0.7850751429098285,0.593458110516934,0.6221410996456759,0h:19m:7s,Mon Jul 19 08:37:18 2021,Mon Jul 19 08:56:26 2021
Gradient Tree Boosting,GTB,1,4,0.6571428571428571,0.6684522018673829,0.506072946661182,0.5417147667147668,0h:46m:37s,Mon Jul 19 08:56:26 2021,Mon Jul 19 09:43:03 2021
k-Nearest Neighbors,KNN,1,4,0.6571428571428571,0.5834776334776334,0.5539517345399699,0.5558050274351215,0h:6m:44s,Mon Jul 19 09:43:03 2021,Mon Jul 19 09:49:47 2021
Logistic Regression,LR,1,4,0.7142857142857143,0.6483516483516483,0.6238502673796791,0.6087795656494278,0h:40m:37s,Mon Jul 19 09:49:47 2021,Mon Jul 19 10:30:25 2021
Multilayer Perceptron,MLP,1,4,0.7047619047619048,0.622869532428356,0.6246702317290552,0.5952107587796708,0h:15m:47s,Mon Jul 19 10:30:25 2021,Mon Jul 19 10:46:12 2021
Multinomial Naive Bayes,MNB,1,4,0.6571428571428571,0.5991959064327484,0.5788660359248594,0.5740137257378636,0h:4m:28s,Mon Jul 19 10:46:12 2021,Mon Jul 19 10:50:41 2021
Passive Aggressive,PA,1,4,0.6857142857142857,0.5452044167953258,0.5883957219251337,0.5563428795680316,0h:7m:56s,Mon Jul 19 10:50:41 2021,Mon Jul 19 10:58:37 2021
Random Forest,RF,1,4,0.6761904761904762,0.6992840492840493,0.5061853832442068,0.5246622138667593,0h:20m:11s,Mon Jul 19 11:08:01 2021,Mon Jul 19 11:28:12 2021
Stochastic Gradient Descent,SGD,1,4,0.7047619047619048,0.643544137022398,0.6022281639928698,0.5977324263038549,0h:13m:51s,Mon Jul 19 11:28:12 2021,Mon Jul 19 11:42:04 2021
Support Vector Machine,SVM,1,4,0.7142857142857143,0.763751890288622,0.5874866310160428,0.6168109668109668,0h:8m:7s,Mon Jul 19 11:42:04 2021,Mon Jul 19 11:50:11 2021
Extra Trees,ET,1,5,0.5523809523809524,0.49586691955113005,0.38335938571232686,0.4030055168822597,0h:18m:22s,Mon Jul 19 11:50:11 2021,Mon Jul 19 12:08:33 2021
Gradient Tree Boosting,GTB,1,5,0.6,0.43788092998619316,0.42652543534896475,0.4247189199309582,1h:3m:59s,Mon Jul 19 12:08:33 2021,Mon Jul 19 13:12:33 2021
k-Nearest Neighbors,KNN,1,5,0.638095238095238,0.6288968278098713,0.5813327848621966,0.5751188088397391,0h:6m:44s,Mon Jul 19 13:12:33 2021,Mon Jul 19 13:19:18 2021
Logistic Regression,LR,1,5,0.6571428571428571,0.7080654369784803,0.6181900452488688,0.6271898525008571,0h:39m:16s,Mon Jul 19 13:19:18 2021,Mon Jul 19 13:58:34 2021
Multilayer Perceptron,MLP,1,5,0.6,0.6622266622266623,0.5191882627176745,0.5342236939381549,0h:13m:55s,Mon Jul 19 13:58:34 2021,Mon Jul 19 14:12:30 2021
Multinomial Naive Bayes,MNB,1,5,0.6476190476190476,0.6934140551720307,0.6149033319621554,0.6225215361001534,0h:4m:20s,Mon Jul 19 14:12:30 2021,Mon Jul 19 14:16:50 2021
Passive Aggressive,PA,1,5,0.6952380952380952,0.7430271090350142,0.6661154531742767,0.6657917467887384,0h:7m:43s,Mon Jul 19 14:16:50 2021,Mon Jul 19 14:24:34 2021
Random Forest,RF,1,5,0.5238095238095238,0.3822837508209025,0.3279048402577814,0.3296034846047109,0h:21m:36s,Mon Jul 19 14:33:06 2021,Mon Jul 19 14:54:43 2021
Stochastic Gradient Descent,SGD,1,5,0.638095238095238,0.5983963006690279,0.5385163855752091,0.5381043433897557,0h:13m:52s,Mon Jul 19 14:54:43 2021,Mon Jul 19 15:08:35 2021
Support Vector Machine,SVM,1,5,0.6095238095238096,0.5977272727272728,0.4833415604003839,0.5088551286112262,0h:8m:18s,Mon Jul 19 15:08:35 2021,Mon Jul 19 15:16:53 2021
Extra Trees,ET,2,1,0.6190476190476191,0.6677086354505709,0.4867818456053751,0.5119296963199402,0h:22m:34s,Mon Jul 19 15:16:54 2021,Mon Jul 19 15:39:28 2021
Gradient Tree Boosting,GTB,2,1,0.47619047619047616,0.44313262495080674,0.3356711915535445,0.3486524228459712,0h:27m:53s,Mon Jul 19 15:39:28 2021,Mon Jul 19 16:07:22 2021
k-Nearest Neighbors,KNN,2,1,0.580952380952381,0.555471923310492,0.48372823255176195,0.49621973392026875,0h:6m:47s,Mon Jul 19 16:07:22 2021,Mon Jul 19 16:14:10 2021
Logistic Regression,LR,2,1,0.6761904761904762,0.6442293750906191,0.5669779240367475,0.5877597447116165,0h:42m:13s,Mon Jul 19 16:14:10 2021,Mon Jul 19 16:56:23 2021
Multilayer Perceptron,MLP,2,1,0.6190476190476191,0.6083631885356023,0.5394858083093377,0.5608887741137406,0h:13m:11s,Mon Jul 19 16:56:23 2021,Mon Jul 19 17:09:35 2021
Multinomial Naive Bayes,MNB,2,1,0.6,0.5962388145050684,0.6342040312628549,0.576178769058026,0h:4m:9s,Mon Jul 19 17:09:35 2021,Mon Jul 19 17:13:44 2021
Passive Aggressive,PA,2,1,0.6666666666666666,0.6302277432712214,0.5423488276429452,0.5614129288078868,0h:8m:20s,Mon Jul 19 17:13:44 2021,Mon Jul 19 17:22:04 2021
Random Forest,RF,2,1,0.580952380952381,0.48482025221155656,0.3979939668174962,0.4053572409129708,0h:22m:19s,Mon Jul 19 17:30:29 2021,Mon Jul 19 17:52:48 2021
Stochastic Gradient Descent,SGD,2,1,0.6,0.539746723864371,0.5123255176196353,0.5126748251748251,0h:13m:14s,Mon Jul 19 17:52:48 2021,Mon Jul 19 18:06:02 2021
Support Vector Machine,SVM,2,1,0.6476190476190476,0.6217679124666421,0.5190758261346496,0.5498146325653825,0h:7m:47s,Mon Jul 19 18:06:02 2021,Mon Jul 19 18:13:49 2021
Extra Trees,ET,2,2,0.6666666666666666,0.7430751823933641,0.5287769093651447,0.560003215175629,0h:17m:12s,Mon Jul 19 18:13:49 2021,Mon Jul 19 18:31:02 2021
Gradient Tree Boosting,GTB,2,2,0.580952380952381,0.5838164251207729,0.45976964212258326,0.4775364985891301,1h:13m:51s,Mon Jul 19 18:31:02 2021,Mon Jul 19 19:44:54 2021
k-Nearest Neighbors,KNN,2,2,0.6190476190476191,0.6464058542077118,0.5272151378033731,0.5436205375292062,0h:6m:30s,Mon Jul 19 19:44:54 2021,Mon Jul 19 19:51:25 2021
Logistic Regression,LR,2,2,0.7333333333333333,0.7760881542699725,0.6336308789249965,0.657012106667279,0h:36m:41s,Mon Jul 19 19:51:25 2021,Mon Jul 19 20:28:06 2021
Multilayer Perceptron,MLP,2,2,0.7428571428571429,0.7955237744711429,0.6363348416289593,0.6701813363011065,0h:13m:32s,Mon Jul 19 20:28:06 2021,Mon Jul 19 20:41:39 2021
Multinomial Naive Bayes,MNB,2,2,0.6761904761904762,0.681884836296601,0.5941245029480324,0.6195116888615341,0h:4m:32s,Mon Jul 19 20:41:39 2021,Mon Jul 19 20:46:11 2021
Passive Aggressive,PA,2,2,0.7142857142857143,0.6943734426493047,0.5742136295077471,0.5913183228039103,0h:7m:23s,Mon Jul 19 20:46:11 2021,Mon Jul 19 20:53:35 2021
Random Forest,RF,2,2,0.6476190476190476,0.5831325537207891,0.4778678184560538,0.4851344932227285,0h:16m:34s,Mon Jul 19 21:01:27 2021,Mon Jul 19 21:18:02 2021
Stochastic Gradient Descent,SGD,2,2,0.7428571428571429,0.8062363333261167,0.6349499520087755,0.6674832210836268,0h:14m:0s,Mon Jul 19 21:18:02 2021,Mon Jul 19 21:32:03 2021
Support Vector Machine,SVM,2,2,0.7333333333333333,0.7552669552669552,0.5995790484025778,0.6314661769207225,0h:7m:37s,Mon Jul 19 21:32:03 2021,Mon Jul 19 21:39:40 2021
Extra Trees,ET,2,3,0.6761904761904762,0.579056111352762,0.5031029754559166,0.5234044030835474,0h:21m:54s,Mon Jul 19 21:39:40 2021,Mon Jul 19 22:01:35 2021
Gradient Tree Boosting,GTB,2,3,0.6476190476190476,0.5084351922587217,0.46767174002468115,0.4598427331875486,0h:57m:11s,Mon Jul 19 22:01:35 2021,Mon Jul 19 22:58:47 2021
k-Nearest Neighbors,KNN,2,3,0.638095238095238,0.6644060883295332,0.5710708898944193,0.5713851422055757,0h:6m:49s,Mon Jul 19 22:58:47 2021,Mon Jul 19 23:05:36 2021
Logistic Regression,LR,2,3,0.7523809523809524,0.8018693427784336,0.6572439325380501,0.6921725802108578,0h:39m:10s,Mon Jul 19 23:05:36 2021,Mon Jul 19 23:44:47 2021
Multilayer Perceptron,MLP,2,3,0.6857142857142857,0.642825311942959,0.5680405868641163,0.587897617012037,0h:13m:35s,Mon Jul 19 23:44:47 2021,Mon Jul 19 23:58:22 2021
Multinomial Naive Bayes,MNB,2,3,0.6666666666666666,0.6326839826839826,0.6636857260386672,0.6298916919606575,0h:4m:34s,Mon Jul 19 23:58:22 2021,Tue Jul 20 00:02:56 2021
Passive Aggressive,PA,2,3,0.7142857142857143,0.7552023999392421,0.663411490470314,0.6883254126084674,0h:7m:35s,Tue Jul 20 00:02:56 2021,Tue Jul 20 00:10:32 2021
Random Forest,RF,2,3,0.6476190476190476,0.647004132231405,0.4865254353489648,0.5217089816095298,0h:18m:0s,Tue Jul 20 00:19:01 2021,Tue Jul 20 00:37:02 2021
Stochastic Gradient Descent,SGD,2,3,0.7238095238095238,0.7926456119637938,0.6057287810228987,0.6529691588146318,0h:16m:5s,Tue Jul 20 00:37:02 2021,Tue Jul 20 00:53:07 2021
Support Vector Machine,SVM,2,3,0.7238095238095238,0.7817254430157656,0.5987357740298918,0.6439019898658732,0h:7m:43s,Tue Jul 20 00:53:07 2021,Tue Jul 20 01:00:50 2021
Extra Trees,ET,2,4,0.7047619047619048,0.7828965072867511,0.572086932675168,0.6259455339669244,0h:18m:15s,Tue Jul 20 01:00:50 2021,Tue Jul 20 01:19:05 2021
Gradient Tree Boosting,GTB,2,4,0.6857142857142857,0.6358469487501744,0.583019333607569,0.6019773099029158,0h:51m:45s,Tue Jul 20 01:19:05 2021,Tue Jul 20 02:10:51 2021
k-Nearest Neighbors,KNN,2,4,0.6952380952380952,0.6914121232303051,0.6086233374468668,0.6180811167442183,0h:6m:13s,Tue Jul 20 02:10:51 2021,Tue Jul 20 02:17:05 2021
Logistic Regression,LR,2,4,0.6857142857142857,0.683711881987744,0.6173645961881257,0.6375479208015093,0h:41m:54s,Tue Jul 20 02:17:05 2021,Tue Jul 20 02:58:59 2021
Multilayer Perceptron,MLP,2,4,0.6190476190476191,0.5730158730158731,0.44177978883861235,0.451056418529561,0h:15m:12s,Tue Jul 20 02:58:59 2021,Tue Jul 20 03:14:12 2021
Multinomial Naive Bayes,MNB,2,4,0.6476190476190476,0.6577929646111464,0.624202660085013,0.6093934588384172,0h:4m:54s,Tue Jul 20 03:14:12 2021,Tue Jul 20 03:19:06 2021
Passive Aggressive,PA,2,4,0.6666666666666666,0.7141654641654641,0.5943576031811326,0.6226191737097527,0h:7m:52s,Tue Jul 20 03:19:06 2021,Tue Jul 20 03:26:59 2021
Random Forest,RF,2,4,0.6666666666666666,0.681421608694336,0.47743452625805566,0.5113079885129689,0h:22m:46s,Tue Jul 20 03:35:28 2021,Tue Jul 20 03:58:15 2021
Stochastic Gradient Descent,SGD,2,4,0.6571428571428571,0.6234892023685128,0.5566515837104072,0.5750064342439709,0h:14m:31s,Tue Jul 20 03:58:15 2021,Tue Jul 20 04:12:46 2021
Support Vector Machine,SVM,2,4,0.7047619047619048,0.7825650391864314,0.5759618812559989,0.6175672768603511,0h:7m:17s,Tue Jul 20 04:12:46 2021,Tue Jul 20 04:20:03 2021
Extra Trees,ET,2,5,0.6857142857142857,0.672217365967366,0.5632332373508844,0.5967555046502414,0h:17m:57s,Tue Jul 20 04:20:03 2021,Tue Jul 20 04:38:01 2021
Gradient Tree Boosting,GTB,2,5,0.6571428571428571,0.6400277731947424,0.5658069381598793,0.5867083362270529,0h:39m:21s,Tue Jul 20 04:38:01 2021,Tue Jul 20 05:17:22 2021
k-Nearest Neighbors,KNN,2,5,0.6095238095238096,0.5508778258778259,0.5441011929247224,0.5417506316086438,0h:6m:47s,Tue Jul 20 05:17:22 2021,Tue Jul 20 05:24:10 2021
Logistic Regression,LR,2,5,0.6952380952380952,0.6349706435748342,0.6205484711367064,0.6203285992759677,0h:36m:30s,Tue Jul 20 05:24:10 2021,Tue Jul 20 06:00:40 2021
Multilayer Perceptron,MLP,2,5,0.6476190476190476,0.5809407438439697,0.6064733305909776,0.5853166306862865,0h:12m:24s,Tue Jul 20 06:00:40 2021,Tue Jul 20 06:13:05 2021
Multinomial Naive Bayes,MNB,2,5,0.6095238095238096,0.5515523672638297,0.6005896064719595,0.5461576807031352,0h:4m:11s,Tue Jul 20 06:13:05 2021,Tue Jul 20 06:17:16 2021
Passive Aggressive,PA,2,5,0.7047619047619048,0.6407041921395988,0.6455930344165638,0.639824640768037,0h:9m:26s,Tue Jul 20 06:17:16 2021,Tue Jul 20 06:26:42 2021
Random Forest,RF,2,5,0.6571428571428571,0.6374415058625585,0.5143987385163856,0.5471861471861471,0h:17m:19s,Tue Jul 20 06:36:07 2021,Tue Jul 20 06:53:26 2021
Stochastic Gradient Descent,SGD,2,5,0.638095238095238,0.5656105388864009,0.5471260112436582,0.5528362269538739,0h:13m:48s,Tue Jul 20 06:53:26 2021,Tue Jul 20 07:07:15 2021
Support Vector Machine,SVM,2,5,0.7142857142857143,0.73214441061331,0.6027533251062662,0.6421815558179195,0h:7m:54s,Tue Jul 20 07:07:15 2021,Tue Jul 20 07:15:09 2021
Extra Trees,ET,3,1,0.7238095238095238,0.692123936435082,0.5916166186754421,0.6247270695607503,0h:19m:12s,Tue Jul 20 22:46:14 2021,Tue Jul 20 23:05:26 2021
Gradient Tree Boosting,GTB,3,1,0.6952380952380952,0.6570225582395968,0.571313588372412,0.5861704236704237,0h:24m:54s,Tue Jul 20 23:05:26 2021,Tue Jul 20 23:30:21 2021
k-Nearest Neighbors,KNN,3,1,0.7047619047619048,0.6601801050998911,0.6449266419854656,0.6329553137869567,0h:6m:39s,Tue Jul 20 23:30:21 2021,Tue Jul 20 23:37:00 2021
Logistic Regression,LR,3,1,0.6285714285714286,0.6360693325120204,0.5292815028109146,0.5526672172917233,0h:35m:58s,Tue Jul 20 23:37:00 2021,Wed Jul 21 00:12:59 2021
Multilayer Perceptron,MLP,3,1,0.6571428571428571,0.6260461760461761,0.5507075277663513,0.5581963530184875,0h:14m:50s,Wed Jul 21 00:12:59 2021,Wed Jul 21 00:27:49 2021
Multinomial Naive Bayes,MNB,3,1,0.6190476190476191,0.5964572192513369,0.576982037570273,0.5731887369717282,0h:4m:29s,Wed Jul 21 00:27:49 2021,Wed Jul 21 00:32:19 2021
Passive Aggressive,PA,3,1,0.6666666666666666,0.6295035108432239,0.5853421088715206,0.5924104015013105,0h:9m:26s,Wed Jul 21 00:32:19 2021,Wed Jul 21 00:41:45 2021
Random Forest,RF,3,1,0.6666666666666666,0.6971807861900742,0.5513972302207596,0.5938686753592038,0h:17m:13s,Wed Jul 21 00:49:27 2021,Wed Jul 21 01:06:40 2021
Stochastic Gradient Descent,SGD,3,1,0.6190476190476191,0.6086829836829837,0.530404497463321,0.5433409727527375,0h:13m:29s,Wed Jul 21 01:06:40 2021,Wed Jul 21 01:20:10 2021
Support Vector Machine,SVM,3,1,0.6761904761904762,0.6712825602153666,0.6048430001371178,0.6234155207839419,0h:7m:36s,Wed Jul 21 01:20:10 2021,Wed Jul 21 01:27:46 2021
Extra Trees,ET,3,2,0.7238095238095238,0.724058769513315,0.5827821198409434,0.6151642475171887,0h:14m:0s,Wed Jul 21 01:27:46 2021,Wed Jul 21 01:41:47 2021
Gradient Tree Boosting,GTB,3,2,0.6571428571428571,0.6320765909669652,0.5201617989853283,0.5265389706313788,0h:21m:26s,Wed Jul 21 01:41:47 2021,Wed Jul 21 02:03:13 2021
k-Nearest Neighbors,KNN,3,2,0.6,0.5780233161656088,0.5175606746194981,0.5092238074066046,0h:6m:11s,Wed Jul 21 02:03:13 2021,Wed Jul 21 02:09:25 2021
Logistic Regression,LR,3,2,0.7238095238095238,0.7356060606060606,0.6355093925682161,0.6569302720406285,0h:36m:37s,Wed Jul 21 02:09:25 2021,Wed Jul 21 02:46:03 2021
Multilayer Perceptron,MLP,3,2,0.6857142857142857,0.5893939393939394,0.593798162621692,0.583355926889098,0h:12m:14s,Wed Jul 21 02:46:03 2021,Wed Jul 21 02:58:17 2021
Multinomial Naive Bayes,MNB,3,2,0.6952380952380952,0.6575298438934802,0.670293432058138,0.6519458124721282,0h:4m:8s,Wed Jul 21 02:58:17 2021,Wed Jul 21 03:02:25 2021
Passive Aggressive,PA,3,2,0.7333333333333333,0.7927378177378177,0.6546236116824352,0.6734388185801348,0h:8m:20s,Wed Jul 21 03:02:25 2021,Wed Jul 21 03:10:45 2021
Random Forest,RF,3,2,0.6857142857142857,0.6593206793206794,0.5265021253256548,0.5500711409802319,0h:22m:8s,Wed Jul 21 03:18:26 2021,Wed Jul 21 03:40:34 2021
Stochastic Gradient Descent,SGD,3,2,0.7142857142857143,0.7402573832700875,0.6245769916358151,0.633604157517201,0h:14m:21s,Wed Jul 21 03:40:34 2021,Wed Jul 21 03:54:56 2021
Support Vector Machine,SVM,3,2,0.7333333333333333,0.7426033926458376,0.6037145207733444,0.6376996412600128,0h:8m:10s,Wed Jul 21 03:54:56 2021,Wed Jul 21 04:03:07 2021
Extra Trees,ET,3,3,0.6952380952380952,0.6029209204342895,0.5009639380227615,0.5133592112377069,0h:19m:37s,Wed Jul 21 04:03:07 2021,Wed Jul 21 04:22:44 2021
Gradient Tree Boosting,GTB,3,3,0.7047619047619048,0.6058723884810842,0.5556163444398738,0.5490969057537837,1h:26m:54s,Wed Jul 21 04:22:44 2021,Wed Jul 21 05:49:38 2021
k-Nearest Neighbors,KNN,3,3,0.6857142857142857,0.579040404040404,0.5384930755518991,0.5357384992275642,0h:6m:40s,Wed Jul 21 05:49:38 2021,Wed Jul 21 05:56:19 2021
Logistic Regression,LR,3,3,0.7714285714285715,0.8680510242262571,0.686395173453997,0.7237348353869604,0h:39m:37s,Wed Jul 21 05:56:19 2021,Wed Jul 21 06:35:56 2021
Multilayer Perceptron,MLP,3,3,0.6761904761904762,0.5223962312197606,0.5236020841903195,0.5106798984263365,0h:14m:0s,Wed Jul 21 06:35:56 2021,Wed Jul 21 06:49:57 2021
Multinomial Naive Bayes,MNB,3,3,0.7333333333333333,0.745620435262379,0.6675236528177705,0.6778982241971264,0h:4m:28s,Wed Jul 21 06:49:57 2021,Wed Jul 21 06:54:25 2021
Passive Aggressive,PA,3,3,0.7904761904761904,0.7641250671647519,0.7267215137803373,0.7352509047696215,0h:7m:30s,Wed Jul 21 06:54:25 2021,Wed Jul 21 07:01:55 2021
Random Forest,RF,3,3,0.6952380952380952,0.6393885022473539,0.5051830522418758,0.529141075781392,0h:19m:52s,Wed Jul 21 07:11:33 2021,Wed Jul 21 07:31:26 2021
Stochastic Gradient Descent,SGD,3,3,0.7523809523809524,0.8587094723458361,0.6289729877965172,0.6767740243602313,0h:13m:19s,Wed Jul 21 07:31:26 2021,Wed Jul 21 07:44:45 2021
Support Vector Machine,SVM,3,3,0.7428571428571429,0.6863408276311502,0.5650527903469079,0.5849614823299034,0h:7m:38s,Wed Jul 21 07:44:45 2021,Wed Jul 21 07:52:23 2021
Extra Trees,ET,3,4,0.6285714285714286,0.6332931774108244,0.5113506101741396,0.5400244930508088,0h:19m:50s,Wed Jul 21 07:52:23 2021,Wed Jul 21 08:12:14 2021
Gradient Tree Boosting,GTB,3,4,0.6190476190476191,0.6798263377210746,0.5053078294254765,0.532261645164871,0h:46m:31s,Wed Jul 21 08:12:14 2021,Wed Jul 21 08:58:46 2021
k-Nearest Neighbors,KNN,3,4,0.5714285714285714,0.5169672919672921,0.5276196352666941,0.509002109002109,0h:6m:14s,Wed Jul 21 08:58:46 2021,Wed Jul 21 09:05:00 2021
Logistic Regression,LR,3,4,0.6952380952380952,0.6379499866822382,0.5966556972439325,0.5994274244274245,0h:37m:43s,Wed Jul 21 09:05:00 2021,Wed Jul 21 09:42:44 2021
Multilayer Perceptron,MLP,3,4,0.580952380952381,0.5268166177257086,0.5233826957356369,0.5195017400899754,0h:11m:22s,Wed Jul 21 09:42:44 2021,Wed Jul 21 09:54:07 2021
Multinomial Naive Bayes,MNB,3,4,0.5904761904761905,0.5496212121212122,0.5359138900315371,0.5304026041878707,0h:4m:17s,Wed Jul 21 09:54:07 2021,Wed Jul 21 09:58:25 2021
Passive Aggressive,PA,3,4,0.6666666666666666,0.6331843555168913,0.6043384066913479,0.6009414379338776,0h:7m:55s,Wed Jul 21 09:58:25 2021,Wed Jul 21 10:06:20 2021
Random Forest,RF,3,4,0.5619047619047619,0.451989651989652,0.4036624160153572,0.3958526943394442,0h:19m:13s,Wed Jul 21 10:15:28 2021,Wed Jul 21 10:34:42 2021
Stochastic Gradient Descent,SGD,3,4,0.638095238095238,0.5837745374829774,0.5209639380227616,0.5373043099458195,0h:14m:8s,Wed Jul 21 10:34:42 2021,Wed Jul 21 10:48:51 2021
Support Vector Machine,SVM,3,4,0.7047619047619048,0.742801642801643,0.629056629644865,0.6467928536110356,0h:9m:16s,Wed Jul 21 10:48:51 2021,Wed Jul 21 10:58:07 2021
Extra Trees,ET,3,5,0.6571428571428571,0.6380567988887175,0.5184272590154944,0.5424386724386725,0h:12m:12s,Wed Jul 21 10:58:07 2021,Wed Jul 21 11:10:19 2021
Gradient Tree Boosting,GTB,3,5,0.6571428571428571,0.6174769674769676,0.5614808720691075,0.5549754491706284,1h:35m:25s,Wed Jul 21 11:10:19 2021,Wed Jul 21 12:45:45 2021
k-Nearest Neighbors,KNN,3,5,0.6857142857142857,0.651253292162383,0.6848567119155354,0.6601723457042605,0h:5m:59s,Wed Jul 21 12:45:45 2021,Wed Jul 21 12:51:44 2021
Logistic Regression,LR,3,5,0.7523809523809524,0.7573638482729392,0.7162882215823392,0.7109052339702494,0h:41m:31s,Wed Jul 21 12:51:44 2021,Wed Jul 21 13:33:15 2021
Multilayer Perceptron,MLP,3,5,0.6952380952380952,0.6946925801471256,0.6485163855752091,0.6556909756909757,0h:11m:53s,Wed Jul 21 13:33:15 2021,Wed Jul 21 13:45:09 2021
Multinomial Naive Bayes,MNB,3,5,0.6857142857142857,0.6396150195615437,0.6940312628547922,0.6568729250547432,0h:4m:42s,Wed Jul 21 13:45:09 2021,Wed Jul 21 13:49:52 2021
Passive Aggressive,PA,3,5,0.7333333333333333,0.696247792611429,0.6802509255450432,0.6788231651389546,0h:8m:0s,Wed Jul 21 13:49:52 2021,Wed Jul 21 13:57:52 2021
Random Forest,RF,3,5,0.5904761904761905,0.5729154903067947,0.4401988207870561,0.4666597323347896,0h:20m:52s,Wed Jul 21 14:05:31 2021,Wed Jul 21 14:26:23 2021
Stochastic Gradient Descent,SGD,3,5,0.7238095238095238,0.7335709744800654,0.6776072946661181,0.6886729276780735,0h:12m:21s,Wed Jul 21 14:26:23 2021,Wed Jul 21 14:38:44 2021
Support Vector Machine,SVM,3,5,0.7047619047619048,0.676232017141108,0.6039476210064445,0.6284329719112327,0h:7m:23s,Wed Jul 21 14:38:44 2021,Wed Jul 21 14:46:07 2021
Extra Trees,ET,4,1,0.7142857142857143,0.7743494856398083,0.5941011929247224,0.638260941610224,0h:16m:51s,Wed Jul 21 14:46:07 2021,Wed Jul 21 15:02:58 2021
Gradient Tree Boosting,GTB,4,1,0.580952380952381,0.553482880755608,0.4437090360619772,0.46600650811177124,0h:28m:14s,Wed Jul 21 15:02:58 2021,Wed Jul 21 15:31:13 2021
k-Nearest Neighbors,KNN,4,1,0.5904761904761905,0.5513702637232049,0.5509817633347045,0.5449158993741036,0h:5m:54s,Wed Jul 21 15:31:13 2021,Wed Jul 21 15:37:07 2021
Logistic Regression,LR,4,1,0.7238095238095238,0.70343709264249,0.6240175510763746,0.6515262515262515,0h:37m:16s,Wed Jul 21 15:37:07 2021,Wed Jul 21 16:14:23 2021
Multilayer Perceptron,MLP,4,1,0.6666666666666666,0.6517316017316017,0.5741011929247223,0.6001426413722162,0h:13m:29s,Wed Jul 21 16:14:23 2021,Wed Jul 21 16:27:53 2021
Multinomial Naive Bayes,MNB,4,1,0.638095238095238,0.5733133138271479,0.583798162621692,0.5636805954987772,0h:4m:30s,Wed Jul 21 16:27:53 2021,Wed Jul 21 16:32:23 2021
Passive Aggressive,PA,4,1,0.6571428571428571,0.6168721063882355,0.5982778006307418,0.5953665499120044,0h:8m:25s,Wed Jul 21 16:32:23 2021,Wed Jul 21 16:40:48 2021
Random Forest,RF,4,1,0.6857142857142857,0.7900442052661926,0.5341011929247222,0.5939947969359735,0h:20m:8s,Wed Jul 21 16:48:05 2021,Wed Jul 21 17:08:14 2021
Stochastic Gradient Descent,SGD,4,1,0.6857142857142857,0.6824675324675324,0.5915041820924174,0.6189775086326811,0h:12m:19s,Wed Jul 21 17:08:14 2021,Wed Jul 21 17:20:33 2021
Support Vector Machine,SVM,4,1,0.7047619047619048,0.7245761183261183,0.6133223639105992,0.6506880838459785,0h:8m:1s,Wed Jul 21 17:20:33 2021,Wed Jul 21 17:28:34 2021
Extra Trees,ET,4,2,0.6285714285714286,0.4739704739704739,0.42853969559851907,0.43064130845231324,0h:19m:42s,Wed Jul 21 17:28:34 2021,Wed Jul 21 17:48:17 2021
Gradient Tree Boosting,GTB,4,2,0.5428571428571428,0.45502392344497616,0.38860002742355687,0.4052324487107096,2h:12m:22s,Wed Jul 21 17:48:17 2021,Wed Jul 21 20:00:39 2021
k-Nearest Neighbors,KNN,4,2,0.5619047619047619,0.534527359895007,0.4987302893185246,0.500446194838485,0h:6m:53s,Wed Jul 21 20:00:39 2021,Wed Jul 21 20:07:32 2021
Logistic Regression,LR,4,2,0.6285714285714286,0.6215476708299674,0.5218497189085425,0.5454466293024287,0h:40m:17s,Wed Jul 21 20:07:32 2021,Wed Jul 21 20:47:50 2021
Multilayer Perceptron,MLP,4,2,0.6285714285714286,0.593230441056528,0.5048334018922254,0.5163356167563394,0h:15m:25s,Wed Jul 21 20:47:50 2021,Wed Jul 21 21:03:16 2021
Multinomial Naive Bayes,MNB,4,2,0.6095238095238096,0.5308572740390921,0.5865857671740025,0.5380981880517424,0h:4m:29s,Wed Jul 21 21:03:16 2021,Wed Jul 21 21:07:45 2021
Passive Aggressive,PA,4,2,0.6476190476190476,0.5470393086914336,0.5542739613327848,0.5376676377380009,0h:7m:23s,Wed Jul 21 21:07:45 2021,Wed Jul 21 21:15:09 2021
Random Forest,RF,4,2,0.6190476190476191,0.5924297854836027,0.430767859591389,0.4600282441859982,0h:19m:9s,Wed Jul 21 21:22:56 2021,Wed Jul 21 21:42:06 2021
Stochastic Gradient Descent,SGD,4,2,0.6285714285714286,0.62197389032458,0.5397051967640203,0.5461985706223214,0h:16m:2s,Wed Jul 21 21:42:06 2021,Wed Jul 21 21:58:08 2021
Support Vector Machine,SVM,4,2,0.6095238095238096,0.5879574970484062,0.4497285067873303,0.475808143899218,0h:7m:58s,Wed Jul 21 21:58:08 2021,Wed Jul 21 22:06:07 2021
Extra Trees,ET,4,3,0.6476190476190476,0.6453282828282828,0.5065679418620594,0.5415114688004394,0h:19m:1s,Wed Jul 21 22:06:07 2021,Wed Jul 21 22:25:08 2021
Gradient Tree Boosting,GTB,4,3,0.638095238095238,0.5537805155905283,0.4788427259015494,0.4957190957190958,0h:41m:56s,Wed Jul 21 22:25:08 2021,Wed Jul 21 23:07:05 2021
k-Nearest Neighbors,KNN,4,3,0.6190476190476191,0.5361123724760088,0.482086932675168,0.487040737040737,0h:6m:38s,Wed Jul 21 23:07:05 2021,Wed Jul 21 23:13:43 2021
Logistic Regression,LR,4,3,0.6952380952380952,0.7420483025746184,0.5873275743863979,0.6201479076479077,0h:40m:13s,Wed Jul 21 23:13:43 2021,Wed Jul 21 23:53:57 2021
Multilayer Perceptron,MLP,4,3,0.6857142857142857,0.7389819330995803,0.5654024406965583,0.6014416139416139,0h:14m:42s,Wed Jul 21 23:53:57 2021,Thu Jul 22 00:08:40 2021
Multinomial Naive Bayes,MNB,4,3,0.6571428571428571,0.545477502295684,0.5132812285753462,0.5132998662779227,0h:4m:29s,Thu Jul 22 00:08:40 2021,Thu Jul 22 00:13:09 2021
Passive Aggressive,PA,4,3,0.6857142857142857,0.6329386299974535,0.5776539147127383,0.5770195188703465,0h:7m:51s,Thu Jul 22 00:13:09 2021,Thu Jul 22 00:21:01 2021
Random Forest,RF,4,3,0.6476190476190476,0.631118881118881,0.4686891539832716,0.5028728846910666,0h:21m:54s,Thu Jul 22 00:29:24 2021,Thu Jul 22 00:51:18 2021
Stochastic Gradient Descent,SGD,4,3,0.6761904761904762,0.7022596598447992,0.5933881804470039,0.622488709547533,0h:13m:46s,Thu Jul 22 00:51:18 2021,Thu Jul 22 01:05:05 2021
Support Vector Machine,SVM,4,3,0.6571428571428571,0.5956435389839195,0.5210242698477993,0.5442085098502211,0h:7m:51s,Thu Jul 22 01:05:05 2021,Thu Jul 22 01:12:57 2021
Extra Trees,ET,4,4,0.7142857142857143,0.6857454140062837,0.5413794049088166,0.5711976911976911,0h:15m:54s,Thu Jul 22 01:12:57 2021,Thu Jul 22 01:28:51 2021
Gradient Tree Boosting,GTB,4,4,0.6476190476190476,0.6383394383394383,0.5345111750994104,0.5551802021067389,0h:42m:53s,Thu Jul 22 01:28:51 2021,Thu Jul 22 02:11:44 2021
k-Nearest Neighbors,KNN,4,4,0.6,0.5296322364504182,0.5380597833539009,0.5281153783827581,0h:6m:57s,Thu Jul 22 02:11:44 2021,Thu Jul 22 02:18:42 2021
Logistic Regression,LR,4,4,0.7047619047619048,0.6463675213675214,0.5683491018785136,0.5719279213964973,0h:41m:35s,Thu Jul 22 02:18:42 2021,Thu Jul 22 03:00:17 2021
Multilayer Perceptron,MLP,4,4,0.7428571428571429,0.7855306458247635,0.6075236528177704,0.6457593493061331,0h:12m:30s,Thu Jul 22 03:00:17 2021,Thu Jul 22 03:12:48 2021
Multinomial Naive Bayes,MNB,4,4,0.6666666666666666,0.6695433487299516,0.6514630467571644,0.6225526378636426,0h:4m:40s,Thu Jul 22 03:12:48 2021,Thu Jul 22 03:17:28 2021
Passive Aggressive,PA,4,4,0.6952380952380952,0.6449134199134199,0.561682435211847,0.5661787947502233,0h:8m:17s,Thu Jul 22 03:17:28 2021,Thu Jul 22 03:25:46 2021
Random Forest,RF,4,4,0.6285714285714286,0.6983485409132958,0.45805978335390096,0.5012707722385142,0h:20m:14s,Thu Jul 22 03:34:44 2021,Thu Jul 22 03:54:58 2021
Stochastic Gradient Descent,SGD,4,4,0.7047619047619048,0.6554440508985964,0.5663115316056492,0.5723322064211545,0h:13m:17s,Thu Jul 22 03:54:58 2021,Thu Jul 22 04:08:16 2021
Support Vector Machine,SVM,4,4,0.6857142857142857,0.7194805194805194,0.5779994515288632,0.5980768548790754,0h:7m:42s,Thu Jul 22 04:08:16 2021,Thu Jul 22 04:15:59 2021
Extra Trees,ET,4,5,0.638095238095238,0.6223526473526474,0.4975181681064034,0.5301393946555236,0h:17m:56s,Thu Jul 22 04:15:59 2021,Thu Jul 22 04:33:56 2021
Gradient Tree Boosting,GTB,4,5,0.6285714285714286,0.680017082590612,0.5316769505004799,0.563228639709215,0h:51m:29s,Thu Jul 22 04:33:56 2021,Thu Jul 22 05:25:25 2021
k-Nearest Neighbors,KNN,4,5,0.6,0.5583232974642324,0.5115699986288221,0.5014928827622326,0h:6m:51s,Thu Jul 22 05:25:25 2021,Thu Jul 22 05:32:17 2021
Logistic Regression,LR,4,5,0.6857142857142857,0.6066822066822066,0.597743041272453,0.5894990000253159,0h:40m:53s,Thu Jul 22 05:32:17 2021,Thu Jul 22 06:13:11 2021
Multilayer Perceptron,MLP,4,5,0.6571428571428571,0.6273524720893142,0.5612669683257918,0.5822348559606725,0h:13m:11s,Thu Jul 22 06:13:11 2021,Thu Jul 22 06:26:22 2021
Multinomial Naive Bayes,MNB,4,5,0.6190476190476191,0.5604269733456336,0.5691457562045797,0.5517175824081195,0h:4m:20s,Thu Jul 22 06:26:22 2021,Thu Jul 22 06:30:43 2021
Passive Aggressive,PA,4,5,0.7047619047619048,0.7112665112665113,0.6505772658713834,0.6462174069829572,0h:8m:0s,Thu Jul 22 06:30:43 2021,Thu Jul 22 06:38:43 2021
Random Forest,RF,4,5,0.6190476190476191,0.5992042637085476,0.4445769916358151,0.47136369849842336,0h:19m:59s,Thu Jul 22 06:46:56 2021,Thu Jul 22 07:06:55 2021
Stochastic Gradient Descent,SGD,4,5,0.7047619047619048,0.6487151372019793,0.6473275743863979,0.6358775727196779,0h:13m:4s,Thu Jul 22 07:06:55 2021,Thu Jul 22 07:19:59 2021
Support Vector Machine,SVM,4,5,0.6857142857142857,0.6109868740884784,0.5557054709995887,0.5706702189357691,0h:8m:20s,Thu Jul 22 07:20:00 2021,Thu Jul 22 07:28:20 2021
Extra Trees,ET,5,1,0.6952380952380952,0.5946345321345321,0.5624132730015083,0.5683660723983304,0h:18m:47s,Thu Jul 22 07:28:20 2021,Thu Jul 22 07:47:08 2021
Gradient Tree Boosting,GTB,5,1,0.638095238095238,0.5537247957034054,0.49384478266831205,0.5089319417335368,0h:30m:38s,Thu Jul 22 07:47:08 2021,Thu Jul 22 08:17:47 2021
k-Nearest Neighbors,KNN,5,1,0.6571428571428571,0.5888122713200112,0.5950335938571233,0.5781134878193701,0h:6m:19s,Thu Jul 22 08:17:47 2021,Thu Jul 22 08:24:06 2021
Logistic Regression,LR,5,1,0.7238095238095238,0.737830687830688,0.6203153709036062,0.6507968944401582,0h:37m:25s,Thu Jul 22 08:24:06 2021,Thu Jul 22 09:01:32 2021
Multilayer Perceptron,MLP,5,1,0.7047619047619048,0.6482521934393592,0.5780172768408063,0.5958006817365908,0h:14m:14s,Thu Jul 22 09:01:32 2021,Thu Jul 22 09:15:46 2021
Multinomial Naive Bayes,MNB,5,1,0.6857142857142857,0.590973840973841,0.5595557383792678,0.5653083758346916,0h:4m:22s,Thu Jul 22 09:15:46 2021,Thu Jul 22 09:20:08 2021
Passive Aggressive,PA,5,1,0.7333333333333333,0.7687849784623978,0.6280405868641162,0.6596467919997332,0h:7m:35s,Thu Jul 22 09:20:08 2021,Thu Jul 22 09:27:44 2021
Random Forest,RF,5,1,0.6285714285714286,0.43316408768536435,0.43117784176607715,0.4221459991621282,0h:15m:29s,Thu Jul 22 09:36:02 2021,Thu Jul 22 09:51:31 2021
Stochastic Gradient Descent,SGD,5,1,0.6952380952380952,0.6109440470403037,0.5480405868641163,0.5489282822246196,0h:14m:48s,Thu Jul 22 09:51:31 2021,Thu Jul 22 10:06:20 2021
Support Vector Machine,SVM,5,1,0.7047619047619048,0.6791158117245074,0.5604881393116687,0.5845376321791416,0h:7m:56s,Thu Jul 22 10:06:20 2021,Thu Jul 22 10:14:16 2021
Extra Trees,ET,5,2,0.638095238095238,0.684948384948385,0.5269354175236528,0.5547960811118706,0h:14m:32s,Thu Jul 22 10:14:16 2021,Thu Jul 22 10:28:49 2021
Gradient Tree Boosting,GTB,5,2,0.5714285714285714,0.5379771743408107,0.47394762100644455,0.48579403053087267,0h:38m:14s,Thu Jul 22 10:28:49 2021,Thu Jul 22 11:07:03 2021
k-Nearest Neighbors,KNN,5,2,0.6476190476190476,0.5802741702741703,0.5926751679692855,0.5739750201951158,0h:6m:27s,Thu Jul 22 11:07:03 2021,Thu Jul 22 11:13:30 2021
Logistic Regression,LR,5,2,0.6761904761904762,0.6563466836194108,0.637737556561086,0.639825035645469,0h:35m:27s,Thu Jul 22 11:13:30 2021,Thu Jul 22 11:48:57 2021
Multilayer Perceptron,MLP,5,2,0.6857142857142857,0.6558790671693897,0.6332757438639791,0.6270281157138865,0h:12m:39s,Thu Jul 22 11:48:57 2021,Thu Jul 22 12:01:36 2021
Multinomial Naive Bayes,MNB,5,2,0.6476190476190476,0.6002440370087428,0.6541848347730701,0.6078864317500682,0h:4m:27s,Thu Jul 22 12:01:36 2021,Thu Jul 22 12:06:04 2021
Passive Aggressive,PA,5,2,0.6666666666666666,0.6373273103707886,0.6020457973399149,0.6108920372556735,0h:7m:46s,Thu Jul 22 12:06:04 2021,Thu Jul 22 12:13:51 2021
Random Forest,RF,5,2,0.5619047619047619,0.4899756562727737,0.3913739201974496,0.40903131955763533,0h:20m:26s,Thu Jul 22 12:22:51 2021,Thu Jul 22 12:43:18 2021
Stochastic Gradient Descent,SGD,5,2,0.6952380952380952,0.6658826022462386,0.6162224050459345,0.6312051584778857,0h:13m:30s,Thu Jul 22 12:43:18 2021,Thu Jul 22 12:56:48 2021
Support Vector Machine,SVM,5,2,0.6952380952380952,0.6677392720173468,0.6176306046894282,0.6336660217570119,0h:7m:44s,Thu Jul 22 12:56:48 2021,Thu Jul 22 13:04:32 2021
Extra Trees,ET,5,3,0.6857142857142857,0.7419867227860959,0.5545111750994104,0.5966708214386233,0h:14m:31s,Thu Jul 22 13:04:32 2021,Thu Jul 22 13:19:03 2021
Gradient Tree Boosting,GTB,5,3,0.6190476190476191,0.5689920596337708,0.4871781160016454,0.4980716253443527,0h:26m:18s,Thu Jul 22 13:19:03 2021,Thu Jul 22 13:45:21 2021
k-Nearest Neighbors,KNN,5,3,0.6571428571428571,0.5678606339896662,0.5416111339640751,0.546702960339324,0h:7m:1s,Thu Jul 22 13:45:21 2021,Thu Jul 22 13:52:23 2021
Logistic Regression,LR,5,3,0.6857142857142857,0.7134654234654234,0.6687535993418346,0.6835777739007404,0h:38m:48s,Thu Jul 22 13:52:23 2021,Thu Jul 22 14:31:11 2021
Multilayer Perceptron,MLP,5,3,0.6761904761904762,0.615601789514833,0.6503990127519539,0.6194945132110907,0h:13m:35s,Thu Jul 22 14:31:11 2021,Thu Jul 22 14:44:47 2021
Multinomial Naive Bayes,MNB,5,3,0.6571428571428571,0.6006342142705778,0.6453544494720965,0.6110070263366609,0h:4m:50s,Thu Jul 22 14:44:47 2021,Thu Jul 22 14:49:37 2021
Passive Aggressive,PA,5,3,0.6571428571428571,0.6557239057239057,0.6134293157822569,0.6285340921704559,0h:7m:35s,Thu Jul 22 14:49:37 2021,Thu Jul 22 14:57:13 2021
Random Forest,RF,5,3,0.6666666666666666,0.7168109668109668,0.5080405868641162,0.5576353768348341,0h:15m:45s,Thu Jul 22 15:06:02 2021,Thu Jul 22 15:21:47 2021
Stochastic Gradient Descent,SGD,5,3,0.6952380952380952,0.7883535134483902,0.639489921842863,0.6852213142635593,0h:14m:10s,Thu Jul 22 15:21:47 2021,Thu Jul 22 15:35:58 2021
Support Vector Machine,SVM,5,3,0.6761904761904762,0.7065508021390375,0.5687769093651447,0.6043237301226084,0h:8m:3s,Thu Jul 22 15:35:58 2021,Thu Jul 22 15:44:02 2021
Extra Trees,ET,5,4,0.6666666666666666,0.6100136145590691,0.500357877416701,0.5209755882266401,0h:18m:48s,Thu Jul 22 15:44:02 2021,Thu Jul 22 16:02:50 2021
Gradient Tree Boosting,GTB,5,4,0.6285714285714286,0.543939393939394,0.45310846016728373,0.4714893422293,1h:0m:22s,Thu Jul 22 16:02:50 2021,Thu Jul 22 17:03:13 2021
k-Nearest Neighbors,KNN,5,4,0.638095238095238,0.5751507256854851,0.5743150966680378,0.5646904084572454,0h:6m:59s,Thu Jul 22 17:03:13 2021,Thu Jul 22 17:10:12 2021
Logistic Regression,LR,5,4,0.7428571428571429,0.6880531294877599,0.6070245440833676,0.6144784426899051,0h:35m:36s,Thu Jul 22 17:10:12 2021,Thu Jul 22 17:45:49 2021
Multilayer Perceptron,MLP,5,4,0.7047619047619048,0.6844584587922596,0.5723954476895653,0.5807340276239799,0h:13m:33s,Thu Jul 22 17:45:49 2021,Thu Jul 22 17:59:22 2021
Multinomial Naive Bayes,MNB,5,4,0.7428571428571429,0.7074675324675325,0.6752529823118057,0.6650364650364652,0h:4m:39s,Thu Jul 22 17:59:22 2021,Thu Jul 22 18:04:02 2021
Passive Aggressive,PA,5,4,0.7523809523809524,0.7955594910140363,0.618628822158234,0.6586103688974502,0h:7m:43s,Thu Jul 22 18:04:02 2021,Thu Jul 22 18:11:46 2021
Random Forest,RF,5,4,0.6476190476190476,0.6220494417862837,0.47578911284793635,0.5112418698928963,0h:17m:33s,Thu Jul 22 18:20:11 2021,Thu Jul 22 18:37:45 2021
Stochastic Gradient Descent,SGD,5,4,0.6952380952380952,0.6814472069819663,0.5670245440833677,0.578973144437123,0h:14m:15s,Thu Jul 22 18:37:45 2021,Thu Jul 22 18:52:00 2021
Support Vector Machine,SVM,5,4,0.6761904761904762,0.6386796536796537,0.5108336761277937,0.5271349862258953,0h:7m:35s,Thu Jul 22 18:52:00 2021,Thu Jul 22 18:59:36 2021
Extra Trees,ET,5,5,0.7428571428571429,0.780952380952381,0.6615096668037844,0.6893818771527749,0h:15m:40s,Thu Jul 22 18:59:36 2021,Thu Jul 22 19:15:16 2021
Gradient Tree Boosting,GTB,5,5,0.6476190476190476,0.569322416713721,0.49754696284108046,0.5136463174369993,0h:52m:8s,Thu Jul 22 19:15:16 2021,Thu Jul 22 20:07:25 2021
k-Nearest Neighbors,KNN,5,5,0.6857142857142857,0.6964876033057851,0.6352529823118058,0.6274158148107728,0h:6m:41s,Thu Jul 22 20:07:25 2021,Thu Jul 22 20:14:07 2021
Logistic Regression,LR,5,5,0.7333333333333333,0.6919631093544137,0.6369875222816399,0.6397500261384109,0h:42m:17s,Thu Jul 22 20:14:07 2021,Thu Jul 22 20:56:25 2021
Multilayer Perceptron,MLP,5,5,0.7047619047619048,0.673389355742297,0.6401014671602906,0.6472845515041522,0h:13m:34s,Thu Jul 22 20:56:25 2021,Thu Jul 22 21:09:59 2021
Multinomial Naive Bayes,MNB,5,5,0.6666666666666666,0.6075016783572933,0.6812244618126971,0.6116008991008992,0h:4m:21s,Thu Jul 22 21:09:59 2021,Thu Jul 22 21:14:21 2021
Passive Aggressive,PA,5,5,0.7142857142857143,0.6998847167325428,0.6362745098039215,0.6432421933224747,0h:8m:24s,Thu Jul 22 21:14:21 2021,Thu Jul 22 21:22:45 2021
Random Forest,RF,5,5,0.6761904761904762,0.73989898989899,0.5491923762511998,0.5916053781505375,0h:18m:10s,Thu Jul 22 21:31:21 2021,Thu Jul 22 21:49:31 2021
Stochastic Gradient Descent,SGD,5,5,0.7333333333333333,0.7776540126540126,0.6792156862745098,0.6893579591140566,0h:14m:16s,Thu Jul 22 21:49:31 2021,Thu Jul 22 22:03:48 2021
Support Vector Machine,SVM,5,5,0.7619047619047619,0.7714285714285715,0.6735650623885918,0.6926634350079325,0h:8m:4s,Thu Jul 22 22:03:48 2021,Thu Jul 22 22:11:52 2021
Extra Trees,ET,6,1,0.6857142857142857,0.6852737905369485,0.5304415192650487,0.5617273019490955,0h:16m:44s,Thu Jul 22 11:37:42 2021,Thu Jul 22 11:54:26 2021
Gradient Tree Boosting,GTB,6,1,0.580952380952381,0.45821854912764,0.418510900863842,0.41995420038898296,0h:57m:16s,Thu Jul 22 11:54:26 2021,Thu Jul 22 12:51:43 2021
k-Nearest Neighbors,KNN,6,1,0.580952380952381,0.5371091871091871,0.48864664747017694,0.47882142057521376,0h:5m:10s,Thu Jul 22 12:51:43 2021,Thu Jul 22 12:56:54 2021
Logistic Regression,LR,6,1,0.6476190476190476,0.630629440524493,0.5561154531742767,0.5831409331409332,0h:30m:18s,Thu Jul 22 12:56:54 2021,Thu Jul 22 13:27:13 2021
Multilayer Perceptron,MLP,6,1,0.638095238095238,0.5404958677685952,0.5075181681064035,0.5140681090771835,0h:13m:37s,Thu Jul 22 13:27:13 2021,Thu Jul 22 13:40:50 2021
Multinomial Naive Bayes,MNB,6,1,0.6190476190476191,0.5622195985832349,0.6038818044700398,0.5567277090498434,0h:2m:55s,Thu Jul 22 13:40:50 2021,Thu Jul 22 13:43:46 2021
Passive Aggressive,PA,6,1,0.6761904761904762,0.5786561264822135,0.536395173453997,0.5428311391126036,0h:6m:55s,Thu Jul 22 13:43:46 2021,Thu Jul 22 13:50:41 2021
Random Forest,RF,6,1,0.6857142857142857,0.7565101565101565,0.5282366652954887,0.5715328015637613,0h:19m:30s,Thu Jul 22 13:57:30 2021,Thu Jul 22 14:17:00 2021
Stochastic Gradient Descent,SGD,6,1,0.6666666666666666,0.5522295885932249,0.5280172768408062,0.529503946339646,0h:15m:51s,Thu Jul 22 14:17:00 2021,Thu Jul 22 14:32:51 2021
Support Vector Machine,SVM,6,1,0.6761904761904762,0.7282022204271009,0.5480172768408063,0.5911937705841838,0h:6m:54s,Thu Jul 22 14:32:51 2021,Thu Jul 22 14:39:45 2021
Extra Trees,ET,6,2,0.6190476190476191,0.4920243490624722,0.48310297545591663,0.47972972972972966,0h:17m:30s,Thu Jul 22 14:39:45 2021,Thu Jul 22 14:57:15 2021
Gradient Tree Boosting,GTB,6,2,0.5714285714285714,0.47650531286894926,0.46206362265185796,0.4607552560365628,0h:45m:5s,Thu Jul 22 14:57:15 2021,Thu Jul 22 15:42:20 2021
k-Nearest Neighbors,KNN,6,2,0.5333333333333333,0.47665031037196626,0.4710832304949952,0.44440298263827677,0h:4m:35s,Thu Jul 22 15:42:20 2021,Thu Jul 22 15:46:56 2021
Logistic Regression,LR,6,2,0.6285714285714286,0.5616109427677117,0.5361099684629096,0.5370258795342036,0h:29m:59s,Thu Jul 22 15:46:56 2021,Thu Jul 22 16:16:55 2021
Multilayer Perceptron,MLP,6,2,0.6571428571428571,0.5693708465447596,0.5346181269710681,0.5395473979744468,0h:16m:40s,Thu Jul 22 16:16:55 2021,Thu Jul 22 16:33:35 2021
Multinomial Naive Bayes,MNB,6,2,0.6095238095238096,0.4806019339512162,0.5354147812971342,0.4962013358030118,0h:3m:14s,Thu Jul 22 16:33:35 2021,Thu Jul 22 16:36:50 2021
Passive Aggressive,PA,6,2,0.6190476190476191,0.5348484848484848,0.5131454819690114,0.5106315469951833,0h:6m:34s,Thu Jul 22 16:36:50 2021,Thu Jul 22 16:43:24 2021
Random Forest,RF,6,2,0.6571428571428571,0.6086722215313187,0.500744549568079,0.5212098062365442,0h:16m:50s,Thu Jul 22 16:49:55 2021,Thu Jul 22 17:06:45 2021
Stochastic Gradient Descent,SGD,6,2,0.5904761904761905,0.5285002430724356,0.49684629096393795,0.5032520552875909,0h:13m:3s,Thu Jul 22 17:06:45 2021,Thu Jul 22 17:19:48 2021
Support Vector Machine,SVM,6,2,0.6190476190476191,0.5619296174320098,0.4844878650761004,0.496025657309257,0h:6m:28s,Thu Jul 22 17:19:48 2021,Thu Jul 22 17:26:16 2021
Extra Trees,ET,6,3,0.638095238095238,0.6434474616292799,0.4932099273275744,0.5150501956611392,0h:16m:36s,Thu Jul 22 17:26:16 2021,Thu Jul 22 17:42:53 2021
Gradient Tree Boosting,GTB,6,3,0.6761904761904762,0.7063492063492064,0.5383669271904566,0.5682640984858922,0h:48m:2s,Thu Jul 22 17:42:53 2021,Thu Jul 22 18:30:55 2021
k-Nearest Neighbors,KNN,6,3,0.6571428571428571,0.522496220357183,0.4917839023721377,0.4792883587001234,0h:4m:54s,Thu Jul 22 18:30:55 2021,Thu Jul 22 18:35:50 2021
Logistic Regression,LR,6,3,0.7047619047619048,0.7061456087771878,0.6110708898944193,0.6321658733423439,0h:29m:47s,Thu Jul 22 18:35:50 2021,Thu Jul 22 19:05:37 2021
Multilayer Perceptron,MLP,6,3,0.6666666666666666,0.594692378328742,0.568534210887152,0.5618143521279019,0h:12m:23s,Thu Jul 22 19:05:37 2021,Thu Jul 22 19:18:00 2021
Multinomial Naive Bayes,MNB,6,3,0.7047619047619048,0.6717311362472653,0.622520224873166,0.624372493535173,0h:3m:0s,Thu Jul 22 19:18:00 2021,Thu Jul 22 19:21:01 2021
Passive Aggressive,PA,6,3,0.6571428571428571,0.6152150879423607,0.5493130399012752,0.5666518406113847,0h:6m:6s,Thu Jul 22 19:21:01 2021,Thu Jul 22 19:27:08 2021
Random Forest,RF,6,3,0.5238095238095238,0.4040353585808131,0.35602084190319483,0.3534656334656334,0h:18m:40s,Thu Jul 22 19:34:18 2021,Thu Jul 22 19:52:58 2021
Stochastic Gradient Descent,SGD,6,3,0.6571428571428571,0.6041125541125542,0.5201617989853283,0.5349617622344894,0h:13m:55s,Thu Jul 22 19:52:58 2021,Thu Jul 22 20:06:53 2021
Support Vector Machine,SVM,6,3,0.7142857142857143,0.707842124453087,0.5820869326751681,0.6133396872772049,0h:6m:3s,Thu Jul 22 20:06:53 2021,Thu Jul 22 20:12:57 2021
Extra Trees,ET,6,4,0.6571428571428571,0.7239513360203016,0.5653366241601535,0.5889932326270805,0h:17m:6s,Thu Jul 22 20:12:57 2021,Thu Jul 22 20:30:04 2021
Gradient Tree Boosting,GTB,6,4,0.6095238095238096,0.5281885349660286,0.5020266008501303,0.4969025682755708,1h:7m:56s,Thu Jul 22 20:30:04 2021,Thu Jul 22 21:38:00 2021
k-Nearest Neighbors,KNN,6,4,0.7142857142857143,0.7191761269033996,0.6555148772795832,0.6523808992708514,0h:4m:49s,Thu Jul 22 21:38:00 2021,Thu Jul 22 21:42:50 2021
Logistic Regression,LR,6,4,0.7047619047619048,0.7745091608727974,0.6405772658713835,0.6639221121434561,0h:28m:41s,Thu Jul 22 21:42:50 2021,Thu Jul 22 22:11:32 2021
Multilayer Perceptron,MLP,6,4,0.6285714285714286,0.584850812270167,0.5726751679692856,0.5647432045718458,0h:15m:46s,Thu Jul 22 22:11:32 2021,Thu Jul 22 22:27:18 2021
Multinomial Naive Bayes,MNB,6,4,0.6857142857142857,0.747098692553238,0.6199712052653229,0.6382421017624114,0h:3m:3s,Thu Jul 22 22:27:18 2021,Thu Jul 22 22:30:21 2021
Passive Aggressive,PA,6,4,0.6857142857142857,0.7283283157107608,0.6276127793774853,0.6585809381494244,0h:6m:53s,Thu Jul 22 22:30:21 2021,Thu Jul 22 22:37:14 2021
Random Forest,RF,6,4,0.6190476190476191,0.60570773415601,0.4942136295077471,0.5052173439560391,0h:18m:15s,Thu Jul 22 22:43:22 2021,Thu Jul 22 23:01:37 2021
Stochastic Gradient Descent,SGD,6,4,0.6952380952380952,0.7691202475685234,0.6211600164541341,0.6490467020901804,0h:13m:12s,Thu Jul 22 23:01:37 2021,Thu Jul 22 23:14:49 2021
Support Vector Machine,SVM,6,4,0.7047619047619048,0.696027431293889,0.6039105992047168,0.619712768050364,0h:6m:7s,Thu Jul 22 23:14:49 2021,Thu Jul 22 23:20:57 2021
Extra Trees,ET,6,5,0.6,0.6998168498168499,0.4763704922528452,0.5127221894267349,0h:22m:51s,Thu Jul 22 23:20:57 2021,Thu Jul 22 23:43:48 2021
Gradient Tree Boosting,GTB,6,5,0.5523809523809524,0.5182578859049447,0.4416056492527081,0.4507295953513189,1h:1m:14s,Thu Jul 22 23:43:48 2021,Fri Jul 23 00:45:03 2021
k-Nearest Neighbors,KNN,6,5,0.5904761904761905,0.6882143806485911,0.5415220074043604,0.5552768159096573,0h:4m:53s,Fri Jul 23 00:45:03 2021,Fri Jul 23 00:49:56 2021
Logistic Regression,LR,6,5,0.6952380952380952,0.7603718745023094,0.6637981626216921,0.688733683578473,0h:27m:58s,Fri Jul 23 00:49:56 2021,Fri Jul 23 01:17:55 2021
Multilayer Perceptron,MLP,6,5,0.6476190476190476,0.6622668997668998,0.5828232551761963,0.5937389051163715,0h:19m:32s,Fri Jul 23 01:17:55 2021,Fri Jul 23 01:37:27 2021
Multinomial Naive Bayes,MNB,6,5,0.6666666666666666,0.6161616161616162,0.659079939668175,0.6233589227552924,0h:3m:4s,Fri Jul 23 01:37:27 2021,Fri Jul 23 01:40:31 2021
Passive Aggressive,PA,6,5,0.7142857142857143,0.6885362243120864,0.6430193336075689,0.6590175527479603,0h:5m:32s,Fri Jul 23 01:40:31 2021,Fri Jul 23 01:46:03 2021
Random Forest,RF,6,5,0.5619047619047619,0.6267082590612003,0.43602084190319484,0.46808751854206393,0h:19m:13s,Fri Jul 23 01:54:03 2021,Fri Jul 23 02:13:16 2021
Stochastic Gradient Descent,SGD,6,5,0.6571428571428571,0.5496684474945345,0.5570245440833677,0.5477548009451956,0h:12m:54s,Fri Jul 23 02:13:16 2021,Fri Jul 23 02:26:11 2021
Support Vector Machine,SVM,6,5,0.6666666666666666,0.6158008658008658,0.5395790484025779,0.5530697726869976,0h:6m:10s,Fri Jul 23 02:26:11 2021,Fri Jul 23 02:32:21 2021
Extra Trees,ET,7,1,0.6952380952380952,0.7739658897978084,0.5959193747429041,0.6283230109802117,0h:17m:6s,Fri Jul 23 02:32:21 2021,Fri Jul 23 02:49:28 2021
Gradient Tree Boosting,GTB,7,1,0.638095238095238,0.6176171654432524,0.5570478541066776,0.5759826743733515,0h:34m:56s,Fri Jul 23 02:49:28 2021,Fri Jul 23 03:24:24 2021
k-Nearest Neighbors,KNN,7,1,0.6190476190476191,0.6019322360598021,0.5980776086658439,0.5783655703564171,0h:5m:13s,Fri Jul 23 03:24:24 2021,Fri Jul 23 03:29:38 2021
Logistic Regression,LR,7,1,0.6952380952380952,0.7157652953107498,0.6600781571369807,0.6674441960156247,0h:33m:39s,Fri Jul 23 03:29:38 2021,Fri Jul 23 04:03:17 2021
Multilayer Perceptron,MLP,7,1,0.638095238095238,0.6835179526355997,0.6247250788427259,0.6097507012338742,0h:12m:46s,Fri Jul 23 04:03:17 2021,Fri Jul 23 04:16:03 2021
Multinomial Naive Bayes,MNB,7,1,0.7333333333333333,0.6727572135466873,0.7504470039764157,0.6885089077724816,0h:2m:55s,Fri Jul 23 04:16:03 2021,Fri Jul 23 04:18:59 2021
Passive Aggressive,PA,7,1,0.6761904761904762,0.6537401991947447,0.6292993281228575,0.6170832401724021,0h:6m:21s,Fri Jul 23 04:18:59 2021,Fri Jul 23 04:25:21 2021
Random Forest,RF,7,1,0.6952380952380952,0.7838208963528657,0.55944878650761,0.6066092099990404,0h:19m:2s,Fri Jul 23 04:32:01 2021,Fri Jul 23 04:51:04 2021
Stochastic Gradient Descent,SGD,7,1,0.6857142857142857,0.6793152088359599,0.6020924173865351,0.6181723848906512,0h:13m:11s,Fri Jul 23 04:51:04 2021,Fri Jul 23 05:04:15 2021
Support Vector Machine,SVM,7,1,0.6761904761904762,0.6803313353313353,0.617327574386398,0.6328268681209859,0h:5m:44s,Fri Jul 23 05:04:15 2021,Fri Jul 23 05:09:59 2021
Extra Trees,ET,7,2,0.6952380952380952,0.7321457508623284,0.5583203071438366,0.6001228455864654,0h:18m:29s,Fri Jul 23 05:09:59 2021,Fri Jul 23 05:28:28 2021
Gradient Tree Boosting,GTB,7,2,0.5619047619047619,0.3653565732513101,0.38355546414369945,0.3705181091333639,0h:26m:47s,Fri Jul 23 05:28:28 2021,Fri Jul 23 05:55:16 2021
k-Nearest Neighbors,KNN,7,2,0.6571428571428571,0.6852289125016398,0.5633648704236939,0.5859170241523182,0h:4m:48s,Fri Jul 23 05:55:16 2021,Fri Jul 23 06:00:04 2021
Logistic Regression,LR,7,2,0.6476190476190476,0.7111234724871088,0.5661990950226244,0.5949843899990528,0h:29m:24s,Fri Jul 23 06:00:04 2021,Fri Jul 23 06:29:28 2021
Multilayer Perceptron,MLP,7,2,0.6476190476190476,0.6241133866133866,0.542045797339915,0.5412427843352973,0h:16m:0s,Fri Jul 23 06:29:28 2021,Fri Jul 23 06:45:28 2021
Multinomial Naive Bayes,MNB,7,2,0.5904761904761905,0.5612375928165401,0.581131221719457,0.5512808794333721,0h:3m:0s,Fri Jul 23 06:45:28 2021,Fri Jul 23 06:48:29 2021
Passive Aggressive,PA,7,2,0.6761904761904762,0.6887342960070234,0.5809406279994515,0.588646202282566,0h:6m:16s,Fri Jul 23 06:48:29 2021,Fri Jul 23 06:54:45 2021
Random Forest,RF,7,2,0.6666666666666666,0.6288220551378447,0.5286000274235568,0.5518817272942114,0h:17m:58s,Fri Jul 23 07:01:00 2021,Fri Jul 23 07:18:59 2021
Stochastic Gradient Descent,SGD,7,2,0.6666666666666666,0.6780764470487791,0.5565021253256547,0.5757038920675284,0h:12m:25s,Fri Jul 23 07:18:59 2021,Fri Jul 23 07:31:25 2021
Support Vector Machine,SVM,7,2,0.6666666666666666,0.6673804664235287,0.5246839435074728,0.5535715838441806,0h:5m:59s,Fri Jul 23 07:31:25 2021,Fri Jul 23 07:37:25 2021
Extra Trees,ET,7,3,0.6,0.5459552746718522,0.40729877965172084,0.42879883697145027,0h:15m:41s,Fri Jul 23 07:37:25 2021,Fri Jul 23 07:53:06 2021
Gradient Tree Boosting,GTB,7,3,0.6,0.4839049839049839,0.4092348827642944,0.41342166351997084,0h:30m:1s,Fri Jul 23 07:53:06 2021,Fri Jul 23 08:23:07 2021
k-Nearest Neighbors,KNN,7,3,0.49523809523809526,0.44217171717171716,0.3860633484162896,0.38677592249020826,0h:4m:52s,Fri Jul 23 08:23:07 2021,Fri Jul 23 08:28:00 2021
Logistic Regression,LR,7,3,0.6666666666666666,0.5761322011322011,0.5482133552721788,0.546888271938487,0h:31m:3s,Fri Jul 23 08:28:00 2021,Fri Jul 23 08:59:03 2021
Multilayer Perceptron,MLP,7,3,0.638095238095238,0.5628787878787879,0.5182366652954887,0.5208703199681103,0h:12m:17s,Fri Jul 23 08:59:03 2021,Fri Jul 23 09:11:21 2021
Multinomial Naive Bayes,MNB,7,3,0.5428571428571428,0.4920995670995671,0.5179048402577814,0.4831885518282897,0h:3m:2s,Fri Jul 23 09:11:21 2021,Fri Jul 23 09:14:23 2021
Passive Aggressive,PA,7,3,0.638095238095238,0.5378444787535697,0.5483203071438365,0.5352499909634726,0h:7m:38s,Fri Jul 23 09:14:23 2021,Fri Jul 23 09:22:02 2021
Random Forest,RF,7,3,0.6190476190476191,0.6733845633367165,0.44294940353763884,0.4894774965921212,0h:16m:0s,Fri Jul 23 09:29:22 2021,Fri Jul 23 09:45:23 2021
Stochastic Gradient Descent,SGD,7,3,0.5904761904761905,0.5045436246523202,0.4458727546962841,0.45178853730173374,0h:12m:26s,Fri Jul 23 09:45:23 2021,Fri Jul 23 09:57:49 2021
Support Vector Machine,SVM,7,3,0.6190476190476191,0.5740756245253996,0.4728424516659811,0.49933971519583603,0h:6m:10s,Fri Jul 23 09:57:50 2021,Fri Jul 23 10:04:00 2021
Extra Trees,ET,7,4,0.6190476190476191,0.6775446775446775,0.5024256136020842,0.5278679653679653,0h:16m:27s,Fri Jul 23 10:04:00 2021,Fri Jul 23 10:20:28 2021
Gradient Tree Boosting,GTB,7,4,0.6095238095238096,0.49876485743358806,0.4229068970245441,0.43196929333292966,0h:46m:25s,Fri Jul 23 10:20:28 2021,Fri Jul 23 11:06:53 2021
k-Nearest Neighbors,KNN,7,4,0.5904761904761905,0.5180325467758622,0.5216056492527081,0.4998071020555292,0h:5m:11s,Fri Jul 23 11:06:53 2021,Fri Jul 23 11:12:04 2021
Logistic Regression,LR,7,4,0.6571428571428571,0.634032634032634,0.5997874674345263,0.5832997810270538,0h:31m:20s,Fri Jul 23 11:12:04 2021,Fri Jul 23 11:43:25 2021
Multilayer Perceptron,MLP,7,4,0.6476190476190476,0.5917915417915419,0.556864116275881,0.5421072487996306,0h:15m:52s,Fri Jul 23 11:43:25 2021,Fri Jul 23 11:59:18 2021
Multinomial Naive Bayes,MNB,7,4,0.580952380952381,0.5017149517149517,0.5229672288495818,0.4939804204510087,0h:3m:6s,Fri Jul 23 11:59:18 2021,Fri Jul 23 12:02:24 2021
Passive Aggressive,PA,7,4,0.6190476190476191,0.6171290830381739,0.5852187028657617,0.5846379290261647,0h:6m:14s,Fri Jul 23 12:02:24 2021,Fri Jul 23 12:08:39 2021
Random Forest,RF,7,4,0.6,0.4971827891995959,0.4243329219799808,0.42979797074624654,0h:16m:29s,Fri Jul 23 12:16:22 2021,Fri Jul 23 12:32:51 2021
Stochastic Gradient Descent,SGD,7,4,0.6476190476190476,0.6611585782638415,0.5637090360619772,0.5822585416168304,0h:11m:19s,Fri Jul 23 12:32:51 2021,Fri Jul 23 12:44:11 2021
Support Vector Machine,SVM,7,4,0.6571428571428571,0.5872491145218418,0.5332044426162073,0.5265393455026042,0h:6m:5s,Fri Jul 23 12:44:11 2021,Fri Jul 23 12:50:16 2021
Extra Trees,ET,7,5,0.6571428571428571,0.6767297030454925,0.5088427259015494,0.5415333458811721,0h:17m:43s,Fri Jul 23 12:50:16 2021,Fri Jul 23 13:08:00 2021
Gradient Tree Boosting,GTB,7,5,0.6476190476190476,0.6011993149016742,0.5060921431509666,0.5290521678756973,0h:36m:59s,Fri Jul 23 13:08:00 2021,Fri Jul 23 13:45:00 2021
k-Nearest Neighbors,KNN,7,5,0.6952380952380952,0.6377590973985959,0.5952063622651859,0.5934013355065987,0h:4m:50s,Fri Jul 23 13:45:00 2021,Fri Jul 23 13:49:50 2021
Logistic Regression,LR,7,5,0.7047619047619048,0.6367884315098392,0.5693418346359522,0.5913606001841295,0h:29m:26s,Fri Jul 23 13:49:50 2021,Fri Jul 23 14:19:17 2021
Multilayer Perceptron,MLP,7,5,0.7142857142857143,0.752195871761089,0.6716536404771699,0.6796960286090721,0h:14m:6s,Fri Jul 23 14:19:17 2021,Fri Jul 23 14:33:24 2021
Multinomial Naive Bayes,MNB,7,5,0.6476190476190476,0.6020363821279153,0.5974112162347457,0.5849105110962819,0h:3m:24s,Fri Jul 23 14:33:24 2021,Fri Jul 23 14:36:49 2021
Passive Aggressive,PA,7,5,0.6952380952380952,0.6501370851370851,0.5765076100370217,0.5983276274517959,0h:6m:30s,Fri Jul 23 14:36:49 2021,Fri Jul 23 14:43:19 2021
Random Forest,RF,7,5,0.6571428571428571,0.6940836940836941,0.5141011929247223,0.5618659947018156,0h:19m:3s,Fri Jul 23 14:50:35 2021,Fri Jul 23 15:09:39 2021
Stochastic Gradient Descent,SGD,7,5,0.7142857142857143,0.6738430435644512,0.6026751679692856,0.628281314644951,0h:11m:11s,Fri Jul 23 15:09:39 2021,Fri Jul 23 15:20:50 2021
Support Vector Machine,SVM,7,5,0.6666666666666666,0.7092105263157895,0.4996215549156725,0.5460379192999514,0h:6m:54s,Fri Jul 23 15:20:50 2021,Fri Jul 23 15:27:44 2021
Extra Trees,ET,8,1,0.6952380952380952,0.621427794693345,0.5618360071301247,0.5686437445058136,0h:19m:57s,Mon Jul 19 14:28:34 2021,Mon Jul 19 14:48:32 2021
Gradient Tree Boosting,GTB,8,1,0.638095238095238,0.5308673242690838,0.5260551213492389,0.5192259837087424,0h:21m:29s,Mon Jul 19 14:48:32 2021,Mon Jul 19 15:10:02 2021
k-Nearest Neighbors,KNN,8,1,0.6,0.5790042367408096,0.5207678595913889,0.5223215932140882,0h:4m:56s,Mon Jul 19 15:10:02 2021,Mon Jul 19 15:14:59 2021
Logistic Regression,LR,8,1,0.7619047619047619,0.6990439863167137,0.6867503085150144,0.6748562007098591,0h:33m:10s,Mon Jul 19 15:14:59 2021,Mon Jul 19 15:48:09 2021
Multilayer Perceptron,MLP,8,1,0.6857142857142857,0.6187237005418823,0.5753832442067736,0.5716191869133046,0h:17m:13s,Mon Jul 19 15:48:09 2021,Mon Jul 19 16:05:23 2021
Multinomial Naive Bayes,MNB,8,1,0.6857142857142857,0.5881149153876426,0.5826148361442478,0.5625533614255419,0h:3m:28s,Mon Jul 19 16:05:23 2021,Mon Jul 19 16:08:52 2021
Passive Aggressive,PA,8,1,0.7047619047619048,0.6531115349297169,0.6512066365007542,0.6307884272590155,0h:7m:15s,Mon Jul 19 16:08:52 2021,Mon Jul 19 16:16:07 2021
Random Forest,RF,8,1,0.6761904761904762,0.6770979020979021,0.518652132181544,0.5476749976749976,0h:18m:36s,Mon Jul 19 16:23:48 2021,Mon Jul 19 16:42:24 2021
Stochastic Gradient Descent,SGD,8,1,0.7333333333333333,0.6671612743981165,0.647397504456328,0.6430125546113007,0h:14m:55s,Mon Jul 19 16:42:24 2021,Mon Jul 19 16:57:20 2021
Support Vector Machine,SVM,8,1,0.7238095238095238,0.6870785779876688,0.6170944741532977,0.6217612017612019,0h:7m:0s,Mon Jul 19 16:57:20 2021,Mon Jul 19 17:04:21 2021
Extra Trees,ET,8,2,0.7047619047619048,0.5595572429096457,0.4917427670368847,0.504981474103343,0h:16m:27s,Mon Jul 19 17:04:21 2021,Mon Jul 19 17:20:48 2021
Gradient Tree Boosting,GTB,8,2,0.6476190476190476,0.4400383707201889,0.4684505690388044,0.44624145608850835,0h:38m:2s,Mon Jul 19 17:20:48 2021,Mon Jul 19 17:58:51 2021
k-Nearest Neighbors,KNN,8,2,0.6095238095238096,0.4299792312950208,0.4553544494720965,0.43715647839979394,0h:5m:6s,Mon Jul 19 17:58:51 2021,Mon Jul 19 18:03:57 2021
Logistic Regression,LR,8,2,0.7333333333333333,0.6358913813459268,0.5665076100370218,0.5752718979134074,0h:33m:42s,Mon Jul 19 18:03:57 2021,Mon Jul 19 18:37:40 2021
Multilayer Perceptron,MLP,8,2,0.6285714285714286,0.40825983285876327,0.43795146030440146,0.41573865859316717,0h:13m:52s,Mon Jul 19 18:37:40 2021,Mon Jul 19 18:51:32 2021
Multinomial Naive Bayes,MNB,8,2,0.7142857142857143,0.5927292404565132,0.576377348142054,0.5742642306728188,0h:3m:8s,Mon Jul 19 18:51:32 2021,Mon Jul 19 18:54:40 2021
Passive Aggressive,PA,8,2,0.6857142857142857,0.6367486113402628,0.5346003016591251,0.5581083576439614,0h:5m:55s,Mon Jul 19 18:54:40 2021,Mon Jul 19 19:00:35 2021
Random Forest,RF,8,2,0.6476190476190476,0.507527853318178,0.41760729466611823,0.4229866847513906,0h:19m:54s,Mon Jul 19 19:08:38 2021,Mon Jul 19 19:28:33 2021
Stochastic Gradient Descent,SGD,8,2,0.6952380952380952,0.5955012090880759,0.5187357740298917,0.5319646683283047,0h:16m:10s,Mon Jul 19 19:28:33 2021,Mon Jul 19 19:44:44 2021
Support Vector Machine,SVM,8,2,0.6952380952380952,0.48047736289930526,0.4642136295077472,0.4469197685775226,0h:6m:31s,Mon Jul 19 19:44:44 2021,Mon Jul 19 19:51:15 2021
Extra Trees,ET,8,3,0.6571428571428571,0.6800356506238859,0.5200726724256136,0.5430461140130757,0h:26m:55s,Mon Jul 19 19:51:15 2021,Mon Jul 19 20:18:10 2021
Gradient Tree Boosting,GTB,8,3,0.6571428571428571,0.6767493600310938,0.5246414369943782,0.5544454283090647,1h:9m:44s,Mon Jul 19 20:18:10 2021,Mon Jul 19 21:27:55 2021
k-Nearest Neighbors,KNN,8,3,0.7047619047619048,0.7106306572215664,0.5921993692581927,0.6243951140502865,0h:4m:41s,Mon Jul 19 21:27:55 2021,Mon Jul 19 21:32:36 2021
Logistic Regression,LR,8,3,0.780952380952381,0.7896861471861473,0.7596860002742356,0.7674939874939875,0h:30m:32s,Mon Jul 19 21:32:36 2021,Mon Jul 19 22:03:08 2021
Multilayer Perceptron,MLP,8,3,0.780952380952381,0.8110783156237702,0.7100548471136707,0.7448753227168623,0h:17m:35s,Mon Jul 19 22:03:08 2021,Mon Jul 19 22:20:44 2021
Multinomial Naive Bayes,MNB,8,3,0.7047619047619048,0.6550911210002118,0.7344878650761004,0.6634955953137771,0h:3m:3s,Mon Jul 19 22:20:44 2021,Mon Jul 19 22:23:47 2021
Passive Aggressive,PA,8,3,0.7428571428571429,0.770727956254272,0.6823063211298506,0.7115595529721573,0h:6m:44s,Mon Jul 19 22:23:47 2021,Mon Jul 19 22:30:31 2021
Random Forest,RF,8,3,0.6476190476190476,0.6672240802675585,0.49734539969834085,0.5144090558564243,0h:17m:49s,Mon Jul 19 22:38:05 2021,Mon Jul 19 22:55:55 2021
Stochastic Gradient Descent,SGD,8,3,0.7619047619047619,0.742608087617162,0.6571548059783354,0.6840902017372607,0h:12m:44s,Mon Jul 19 22:55:55 2021,Mon Jul 19 23:08:39 2021
Support Vector Machine,SVM,8,3,0.6952380952380952,0.7672727272727272,0.5810941999177294,0.6182701608283003,0h:5m:41s,Mon Jul 19 23:08:39 2021,Mon Jul 19 23:14:20 2021
Extra Trees,ET,8,4,0.6761904761904762,0.6448461719553447,0.5010105580693817,0.5244209007366902,0h:15m:1s,Mon Jul 19 23:14:20 2021,Mon Jul 19 23:29:22 2021
Gradient Tree Boosting,GTB,8,4,0.6190476190476191,0.5129821159232925,0.43767722473604825,0.43734315201706503,0h:42m:51s,Mon Jul 19 23:29:22 2021,Tue Jul 20 00:12:13 2021
k-Nearest Neighbors,KNN,8,4,0.580952380952381,0.5808836617927526,0.5466982037570273,0.5496681096681098,0h:4m:40s,Tue Jul 20 00:12:13 2021,Tue Jul 20 00:16:53 2021
Logistic Regression,LR,8,4,0.6952380952380952,0.6581294309555179,0.5979802550390786,0.6180803366828777,0h:29m:18s,Tue Jul 20 00:16:53 2021,Tue Jul 20 00:46:12 2021
Multilayer Perceptron,MLP,8,4,0.6952380952380952,0.6693722943722944,0.6785630056218291,0.6633276594473932,0h:15m:48s,Tue Jul 20 00:46:12 2021,Tue Jul 20 01:02:00 2021
Multinomial Naive Bayes,MNB,8,4,0.7333333333333333,0.6549359731177913,0.649085424379542,0.6434482978308693,0h:2m:54s,Tue Jul 20 01:02:00 2021,Tue Jul 20 01:04:55 2021
Passive Aggressive,PA,8,4,0.6857142857142857,0.6666083192170148,0.6210941999177293,0.6324439711605486,0h:6m:12s,Tue Jul 20 01:04:55 2021,Tue Jul 20 01:11:07 2021
Random Forest,RF,8,4,0.638095238095238,0.450787284610814,0.4594062799945153,0.4420079010242945,0h:16m:47s,Tue Jul 20 01:18:45 2021,Tue Jul 20 01:35:33 2021
Stochastic Gradient Descent,SGD,8,4,0.6666666666666666,0.6749803861952199,0.5706184012066365,0.5995959595959596,0h:10m:50s,Tue Jul 20 01:35:33 2021,Tue Jul 20 01:46:23 2021
Support Vector Machine,SVM,8,4,0.6857142857142857,0.6474838281474438,0.550404497463321,0.5743978775442523,0h:5m:55s,Tue Jul 20 01:46:23 2021,Tue Jul 20 01:52:18 2021
Extra Trees,ET,8,5,0.7142857142857143,0.6499178981937603,0.5702509255450431,0.5880935469170764,0h:23m:26s,Tue Jul 20 01:52:18 2021,Tue Jul 20 02:15:45 2021
Gradient Tree Boosting,GTB,8,5,0.5428571428571428,0.44228243021346464,0.3724077882901412,0.3681833318196954,1h:10m:0s,Tue Jul 20 02:15:45 2021,Tue Jul 20 03:25:46 2021
k-Nearest Neighbors,KNN,8,5,0.6476190476190476,0.6298799685163321,0.6353133141368436,0.6215013152106377,0h:4m:46s,Tue Jul 20 03:25:46 2021,Tue Jul 20 03:30:32 2021
Logistic Regression,LR,8,5,0.7714285714285715,0.7965888834872793,0.7446894282188399,0.7584549289094743,0h:29m:9s,Tue Jul 20 03:30:32 2021,Tue Jul 20 03:59:42 2021
Multilayer Perceptron,MLP,8,5,0.7333333333333333,0.8016193061959652,0.6965076100370219,0.7015733201155196,0h:17m:59s,Tue Jul 20 03:59:42 2021,Tue Jul 20 04:17:42 2021
Multinomial Naive Bayes,MNB,8,5,0.7047619047619048,0.5658730158730159,0.627719731249143,0.5872102777605169,0h:3m:12s,Tue Jul 20 04:17:42 2021,Tue Jul 20 04:20:54 2021
Passive Aggressive,PA,8,5,0.7238095238095238,0.7458053058053057,0.7029781982723159,0.7136845526319212,0h:6m:15s,Tue Jul 20 04:20:54 2021,Tue Jul 20 04:27:09 2021
Random Forest,RF,8,5,0.6952380952380952,0.62840012037873,0.5178266831208007,0.5349898335668297,0h:19m:5s,Tue Jul 20 04:33:03 2021,Tue Jul 20 04:52:09 2021
Stochastic Gradient Descent,SGD,8,5,0.6952380952380952,0.6317123464355769,0.6247963800904976,0.6239180802848036,0h:15m:56s,Tue Jul 20 04:52:09 2021,Tue Jul 20 05:08:06 2021
Support Vector Machine,SVM,8,5,0.7333333333333333,0.749504402311889,0.5989318524612642,0.6309034655778732,0h:5m:55s,Tue Jul 20 05:08:06 2021,Tue Jul 20 05:14:01 2021
Extra Trees,ET,9,1,0.638095238095238,0.6085248085248085,0.4636432195255725,0.49076457311751426,0h:12m:15s,Tue Jul 20 05:14:01 2021,Tue Jul 20 05:26:16 2021
Gradient Tree Boosting,GTB,9,1,0.6,0.4512445887445887,0.4365665706842177,0.43268040274367886,0h:26m:33s,Tue Jul 20 05:26:16 2021,Tue Jul 20 05:52:49 2021
k-Nearest Neighbors,KNN,9,1,0.6285714285714286,0.5106459494160029,0.525163855752091,0.5095576803678914,0h:4m:46s,Tue Jul 20 05:52:49 2021,Tue Jul 20 05:57:35 2021
Logistic Regression,LR,9,1,0.6952380952380952,0.6548409107232637,0.6031317701905937,0.6131161322337794,0h:29m:53s,Tue Jul 20 05:57:35 2021,Tue Jul 20 06:27:29 2021
Multilayer Perceptron,MLP,9,1,0.7047619047619048,0.6659675573468676,0.6242369395310571,0.6062626147554377,0h:14m:1s,Tue Jul 20 06:27:29 2021,Tue Jul 20 06:41:30 2021
Multinomial Naive Bayes,MNB,9,1,0.6476190476190476,0.5663678393218036,0.6171781160016455,0.5732749573658665,0h:2m:59s,Tue Jul 20 06:41:30 2021,Tue Jul 20 06:44:30 2021
Passive Aggressive,PA,9,1,0.6952380952380952,0.5772131377394536,0.5790196078431372,0.5702030016680406,0h:7m:15s,Tue Jul 20 06:44:30 2021,Tue Jul 20 06:51:45 2021
Random Forest,RF,9,1,0.6285714285714286,0.5663702239789196,0.45100507335801454,0.4682481301444469,0h:18m:10s,Tue Jul 20 06:58:44 2021,Tue Jul 20 07:16:54 2021
Stochastic Gradient Descent,SGD,9,1,0.6571428571428571,0.5483196512394762,0.4972014260249555,0.5080102977830251,0h:13m:25s,Tue Jul 20 07:16:54 2021,Tue Jul 20 07:30:19 2021
Support Vector Machine,SVM,9,1,0.7047619047619048,0.6678327391562685,0.5674811463046757,0.5828876022760336,0h:5m:47s,Tue Jul 20 07:30:19 2021,Tue Jul 20 07:36:07 2021
Extra Trees,ET,9,2,0.6190476190476191,0.6909516285853184,0.4735787741670095,0.5207003622563395,0h:19m:57s,Tue Jul 20 07:36:07 2021,Tue Jul 20 07:56:04 2021
Gradient Tree Boosting,GTB,9,2,0.6666666666666666,0.6132225262660045,0.5081297134238311,0.5324175327901111,0h:33m:23s,Tue Jul 20 07:56:04 2021,Tue Jul 20 08:29:28 2021
k-Nearest Neighbors,KNN,9,2,0.580952380952381,0.5984504132231405,0.5661936103112574,0.5580283353010627,0h:5m:2s,Tue Jul 20 08:29:28 2021,Tue Jul 20 08:34:31 2021
Logistic Regression,LR,9,2,0.6285714285714286,0.6352655345555954,0.5616714657891128,0.5763956305132776,0h:30m:17s,Tue Jul 20 08:34:31 2021,Tue Jul 20 09:04:48 2021
Multilayer Perceptron,MLP,9,2,0.6190476190476191,0.5407598714416896,0.5320211161387632,0.5301781283406043,0h:15m:51s,Tue Jul 20 09:04:48 2021,Tue Jul 20 09:20:40 2021
Multinomial Naive Bayes,MNB,9,2,0.5523809523809524,0.4947882183176301,0.5413684354860825,0.4981035378762652,0h:3m:14s,Tue Jul 20 09:20:40 2021,Tue Jul 20 09:23:55 2021
Passive Aggressive,PA,9,2,0.6285714285714286,0.6328914141414141,0.5692472233648704,0.576094037541406,0h:7m:34s,Tue Jul 20 09:23:55 2021,Tue Jul 20 09:31:30 2021
Random Forest,RF,9,2,0.6,0.6064684569479967,0.43812422871246404,0.4731846354846421,0h:18m:18s,Tue Jul 20 09:38:38 2021,Tue Jul 20 09:56:57 2021
Stochastic Gradient Descent,SGD,9,2,0.6,0.5373966942148761,0.5162169203345673,0.5080858813017733,0h:15m:15s,Tue Jul 20 09:56:57 2021,Tue Jul 20 10:12:12 2021
Support Vector Machine,SVM,9,2,0.6190476190476191,0.5710367516587612,0.5162169203345673,0.5319394785557426,0h:6m:26s,Tue Jul 20 10:12:12 2021,Tue Jul 20 10:18:39 2021
Extra Trees,ET,9,3,0.6476190476190476,0.7314064676293778,0.5545948169477581,0.5941369867506231,0h:18m:47s,Tue Jul 20 10:18:39 2021,Tue Jul 20 10:37:26 2021
Gradient Tree Boosting,GTB,9,3,0.5904761904761905,0.5938099380683113,0.4925572466748937,0.5136134067952249,1h:21m:39s,Tue Jul 20 10:37:26 2021,Tue Jul 20 11:59:05 2021
k-Nearest Neighbors,KNN,9,3,0.5714285714285714,0.5393997519956599,0.576822980940628,0.545550843116766,0h:4m:46s,Tue Jul 20 11:59:05 2021,Tue Jul 20 12:03:51 2021
Logistic Regression,LR,9,3,0.6952380952380952,0.6435786435786436,0.6325860414095709,0.6252448386509956,0h:34m:7s,Tue Jul 20 12:03:52 2021,Tue Jul 20 12:37:59 2021
Multilayer Perceptron,MLP,9,3,0.6952380952380952,0.6094113254541061,0.6278445084327438,0.6025815539184524,0h:16m:24s,Tue Jul 20 12:37:59 2021,Tue Jul 20 12:54:23 2021
Multinomial Naive Bayes,MNB,9,3,0.6952380952380952,0.6872377622377622,0.6497463320992732,0.6421676152059933,0h:3m:5s,Tue Jul 20 12:54:23 2021,Tue Jul 20 12:57:28 2021
Passive Aggressive,PA,9,3,0.7047619047619048,0.6806364510909965,0.639056629644865,0.6490196248816937,0h:6m:17s,Tue Jul 20 12:57:28 2021,Tue Jul 20 13:03:46 2021
Random Forest,RF,9,3,0.638095238095238,0.54411724774628,0.5157232963115317,0.5182900432900434,0h:19m:54s,Tue Jul 20 13:11:19 2021,Tue Jul 20 13:31:13 2021
Stochastic Gradient Descent,SGD,9,3,0.6666666666666666,0.6275835275835275,0.6147072535307829,0.6128739275355817,0h:14m:33s,Tue Jul 20 13:31:13 2021,Tue Jul 20 13:45:47 2021
Support Vector Machine,SVM,9,3,0.7333333333333333,0.7319049833372083,0.637737556561086,0.6563532311576219,0h:6m:18s,Tue Jul 20 13:45:47 2021,Tue Jul 20 13:52:05 2021
Extra Trees,ET,9,4,0.638095238095238,0.6593381366108638,0.4680638968874263,0.49918864047030964,0h:14m:49s,Tue Jul 20 13:52:05 2021,Tue Jul 20 14:06:55 2021
Gradient Tree Boosting,GTB,9,4,0.6095238095238096,0.4328638703638704,0.43676264911559026,0.42510214304166644,0h:42m:16s,Tue Jul 20 14:06:55 2021,Tue Jul 20 14:49:11 2021
k-Nearest Neighbors,KNN,9,4,0.6285714285714286,0.5484890926067397,0.5125449060743179,0.4834190063360167,0h:5m:11s,Tue Jul 20 14:49:11 2021,Tue Jul 20 14:54:23 2021
Logistic Regression,LR,9,4,0.6761904761904762,0.6025685425685426,0.5511833264774441,0.5506588799041631,0h:32m:0s,Tue Jul 20 14:54:23 2021,Tue Jul 20 15:26:24 2021
Multilayer Perceptron,MLP,9,4,0.6571428571428571,0.5522515363424454,0.4845961881255999,0.4894268613403698,0h:13m:20s,Tue Jul 20 15:26:24 2021,Tue Jul 20 15:39:45 2021
Multinomial Naive Bayes,MNB,9,4,0.6,0.5203938738029646,0.5593788564376799,0.505724095842673,0h:3m:35s,Tue Jul 20 15:39:45 2021,Tue Jul 20 15:43:20 2021
Passive Aggressive,PA,9,4,0.6190476190476191,0.5174799338592442,0.49533251062662825,0.4913987440046821,0h:7m:10s,Tue Jul 20 15:43:20 2021,Tue Jul 20 15:50:30 2021
Random Forest,RF,9,4,0.5904761904761905,0.5517158280316175,0.3978211984094337,0.4155398498682082,0h:17m:48s,Tue Jul 20 15:57:02 2021,Tue Jul 20 16:14:50 2021
Stochastic Gradient Descent,SGD,9,4,0.6666666666666666,0.5878935878935879,0.5182421500068559,0.5353975459238617,0h:14m:42s,Tue Jul 20 16:14:50 2021,Tue Jul 20 16:29:33 2021
Support Vector Machine,SVM,9,4,0.6476190476190476,0.5409937888198758,0.4600548471136706,0.4686147186147187,0h:5m:39s,Tue Jul 20 16:29:33 2021,Tue Jul 20 16:35:13 2021
Extra Trees,ET,9,5,0.6095238095238096,0.6045454545454546,0.4736445907034142,0.5120276564911438,0h:13m:54s,Tue Jul 20 16:35:13 2021,Tue Jul 20 16:49:07 2021
Gradient Tree Boosting,GTB,9,5,0.5904761904761905,0.566271607180698,0.4911367064308241,0.5023527841814249,1h:47m:17s,Tue Jul 20 16:49:07 2021,Tue Jul 20 18:36:25 2021
k-Nearest Neighbors,KNN,9,5,0.5428571428571428,0.48602912239275875,0.48914027149321265,0.4769291542402327,0h:5m:15s,Tue Jul 20 18:36:25 2021,Tue Jul 20 18:41:40 2021
Logistic Regression,LR,9,5,0.638095238095238,0.6004689754689756,0.5339476210064444,0.5544846472734374,0h:33m:54s,Tue Jul 20 18:41:40 2021,Tue Jul 20 19:15:35 2021
Multilayer Perceptron,MLP,9,5,0.6285714285714286,0.5406870090693621,0.5037090360619773,0.5105157806590884,0h:15m:20s,Tue Jul 20 19:15:35 2021,Tue Jul 20 19:30:55 2021
Multinomial Naive Bayes,MNB,9,5,0.5333333333333333,0.4472516613820962,0.46861785273549983,0.44769107501359423,0h:3m:3s,Tue Jul 20 19:30:55 2021,Tue Jul 20 19:33:58 2021
Passive Aggressive,PA,9,5,0.6095238095238096,0.5551964375493786,0.5297696421225833,0.5330944005805816,0h:6m:13s,Tue Jul 20 19:33:58 2021,Tue Jul 20 19:40:11 2021
Random Forest,RF,9,5,0.5142857142857142,0.522077922077922,0.3809351432880845,0.4113567134619766,0h:17m:54s,Tue Jul 20 19:47:21 2021,Tue Jul 20 20:05:15 2021
Stochastic Gradient Descent,SGD,9,5,0.6285714285714286,0.5181832992683433,0.46061428767311124,0.47549166640075735,0h:12m:4s,Tue Jul 20 20:05:15 2021,Tue Jul 20 20:17:20 2021
Support Vector Machine,SVM,9,5,0.6857142857142857,0.6755742586290715,0.5665857671740026,0.5993178437099068,0h:6m:29s,Tue Jul 20 20:17:20 2021,Tue Jul 20 20:23:49 2021
Extra Trees,ET,10,1,0.5904761904761905,0.5012392835922248,0.4087906211435623,0.4177985058419841,0h:18m:50s,Tue Jul 20 20:23:49 2021,Tue Jul 20 20:42:40 2021
Gradient Tree Boosting,GTB,10,1,0.638095238095238,0.46789637130546224,0.436395173453997,0.43636508968577287,0h:30m:44s,Tue Jul 20 20:42:40 2021,Tue Jul 20 21:13:24 2021
k-Nearest Neighbors,KNN,10,1,0.6285714285714286,0.5732084500466853,0.5184039489921843,0.5250656077346447,0h:4m:59s,Tue Jul 20 21:13:24 2021,Tue Jul 20 21:18:23 2021
Logistic Regression,LR,10,1,0.6857142857142857,0.5637967061552764,0.525117235705471,0.5357361206045417,0h:28m:40s,Tue Jul 20 21:18:23 2021,Tue Jul 20 21:47:04 2021
Multilayer Perceptron,MLP,10,1,0.6761904761904762,0.6559425423061787,0.5258919511860689,0.547672902277612,0h:15m:5s,Tue Jul 20 21:47:04 2021,Tue Jul 20 22:02:10 2021
Multinomial Naive Bayes,MNB,10,1,0.638095238095238,0.513285644836447,0.5173645961881256,0.4993697194129959,0h:2m:57s,Tue Jul 20 22:02:10 2021,Tue Jul 20 22:05:07 2021
Passive Aggressive,PA,10,1,0.7047619047619048,0.5798499702911468,0.5341011929247222,0.5407389850266691,0h:6m:20s,Tue Jul 20 22:05:07 2021,Tue Jul 20 22:11:28 2021
Random Forest,RF,10,1,0.5904761904761905,0.554769635126778,0.415843959961607,0.4327747527894156,0h:18m:20s,Tue Jul 20 22:19:00 2021,Tue Jul 20 22:37:20 2021
Stochastic Gradient Descent,SGD,10,1,0.6571428571428571,0.5364784570666924,0.4793130399012753,0.48691750813346,0h:13m:15s,Tue Jul 20 22:37:20 2021,Tue Jul 20 22:50:36 2021
Support Vector Machine,SVM,10,1,0.6857142857142857,0.7363484468747626,0.5241848347730701,0.5634558961924692,0h:5m:35s,Tue Jul 20 22:50:36 2021,Tue Jul 20 22:56:12 2021
Extra Trees,ET,10,2,0.6857142857142857,0.6700165520753756,0.5581667352255587,0.5657835034840382,0h:12m:4s,Tue Jul 20 22:56:12 2021,Tue Jul 20 23:08:16 2021
Gradient Tree Boosting,GTB,10,2,0.580952380952381,0.5216607634789453,0.4674715480597834,0.4702572626102038,0h:33m:49s,Tue Jul 20 23:08:16 2021,Tue Jul 20 23:42:05 2021
k-Nearest Neighbors,KNN,10,2,0.638095238095238,0.6432398483869073,0.5890703414232826,0.5892400047751006,0h:4m:54s,Tue Jul 20 23:42:05 2021,Tue Jul 20 23:47:00 2021
Logistic Regression,LR,10,2,0.7047619047619048,0.6336231949868313,0.6191882627176745,0.616687161696449,0h:28m:56s,Tue Jul 20 23:47:00 2021,Wed Jul 21 00:15:56 2021
Multilayer Perceptron,MLP,10,2,0.6857142857142857,0.5796753246753247,0.6142931578225695,0.5873982619883817,0h:13m:38s,Wed Jul 21 00:15:56 2021,Wed Jul 21 00:29:35 2021
Multinomial Naive Bayes,MNB,10,2,0.6666666666666666,0.5905663780663781,0.6469121075003428,0.6010317628499446,0h:2m:58s,Wed Jul 21 00:29:35 2021,Wed Jul 21 00:32:34 2021
Passive Aggressive,PA,10,2,0.7047619047619048,0.6136175418784114,0.6137337172631291,0.5971603676008335,0h:6m:38s,Wed Jul 21 00:32:34 2021,Wed Jul 21 00:39:12 2021
Random Forest,RF,10,2,0.6857142857142857,0.6817783094098884,0.5670615658850953,0.5900633531649575,0h:18m:50s,Wed Jul 21 00:46:26 2021,Wed Jul 21 01:05:17 2021
Stochastic Gradient Descent,SGD,10,2,0.6761904761904762,0.6343705170684643,0.5895982448923626,0.5912627663687963,0h:16m:13s,Wed Jul 21 01:05:17 2021,Wed Jul 21 01:21:31 2021
Support Vector Machine,SVM,10,2,0.7523809523809524,0.8080848730339774,0.6508103661044837,0.6796943203360317,0h:6m:3s,Wed Jul 21 01:21:31 2021,Wed Jul 21 01:27:34 2021
Extra Trees,ET,10,3,0.6857142857142857,0.7042929292929293,0.5970423693953106,0.585721193302701,0h:14m:36s,Wed Jul 21 01:27:34 2021,Wed Jul 21 01:42:11 2021
Gradient Tree Boosting,GTB,10,3,0.6190476190476191,0.5310369712846493,0.5268462909639381,0.5218394795934903,1h:0m:2s,Wed Jul 21 01:42:11 2021,Wed Jul 21 02:42:13 2021
k-Nearest Neighbors,KNN,10,3,0.5714285714285714,0.48760271891850837,0.5110050733580145,0.49165795174168375,0h:5m:2s,Wed Jul 21 02:42:13 2021,Wed Jul 21 02:47:16 2021
Logistic Regression,LR,10,3,0.6571428571428571,0.5754768749037523,0.593798162621692,0.5698585007509955,0h:33m:46s,Wed Jul 21 02:47:16 2021,Wed Jul 21 03:21:03 2021
Multilayer Perceptron,MLP,10,3,0.6761904761904762,0.5969696969696969,0.6100548471136706,0.5908210231724019,0h:13m:21s,Wed Jul 21 03:21:03 2021,Wed Jul 21 03:34:24 2021
Multinomial Naive Bayes,MNB,10,3,0.6190476190476191,0.522979797979798,0.5625860414095709,0.5146217613110653,0h:3m:2s,Wed Jul 21 03:34:24 2021,Wed Jul 21 03:37:27 2021
Passive Aggressive,PA,10,3,0.7142857142857143,0.6355325833586704,0.6330851501439736,0.6198000412286127,0h:6m:37s,Wed Jul 21 03:37:27 2021,Wed Jul 21 03:44:04 2021
Random Forest,RF,10,3,0.6476190476190476,0.531216577540107,0.5266323872206226,0.5164538429295881,0h:17m:31s,Wed Jul 21 03:50:19 2021,Wed Jul 21 04:07:50 2021
Stochastic Gradient Descent,SGD,10,3,0.6761904761904762,0.598255971082058,0.5891457562045798,0.579926315060296,0h:14m:2s,Wed Jul 21 04:07:50 2021,Wed Jul 21 04:21:53 2021
Support Vector Machine,SVM,10,3,0.7047619047619048,0.6657291983378939,0.6101617989853284,0.6104887311718431,0h:5m:55s,Wed Jul 21 04:21:53 2021,Wed Jul 21 04:27:48 2021
Extra Trees,ET,10,4,0.7142857142857143,0.643282475100657,0.5186932675167969,0.5361893290122955,0h:20m:58s,Wed Jul 21 04:27:48 2021,Wed Jul 21 04:48:47 2021
Gradient Tree Boosting,GTB,10,4,0.6095238095238096,0.533016983016983,0.49121897710133006,0.5014904938658605,0h:51m:0s,Wed Jul 21 04:48:47 2021,Wed Jul 21 05:39:47 2021
k-Nearest Neighbors,KNN,10,4,0.6190476190476191,0.5764807162534434,0.560832304949952,0.5476750682540836,0h:4m:39s,Wed Jul 21 05:39:47 2021,Wed Jul 21 05:44:26 2021
Logistic Regression,LR,10,4,0.7142857142857143,0.6643328362227884,0.5383902372137667,0.5581918895701888,0h:32m:32s,Wed Jul 21 05:44:26 2021,Wed Jul 21 06:16:59 2021
Multilayer Perceptron,MLP,10,4,0.6857142857142857,0.7004078246818719,0.5451816810640341,0.5454140449124775,0h:14m:28s,Wed Jul 21 06:16:59 2021,Wed Jul 21 06:31:27 2021
Multinomial Naive Bayes,MNB,10,4,0.6476190476190476,0.5875188838531947,0.5227396133278487,0.5305778225605812,0h:3m:7s,Wed Jul 21 06:31:27 2021,Wed Jul 21 06:34:34 2021
Passive Aggressive,PA,10,4,0.7047619047619048,0.6159204830257461,0.5579980803510215,0.57593069661983,0h:6m:19s,Wed Jul 21 06:34:34 2021,Wed Jul 21 06:40:54 2021
Random Forest,RF,10,4,0.6666666666666666,0.5403573057129829,0.4594062799945153,0.471642899584076,0h:18m:19s,Wed Jul 21 06:47:01 2021,Wed Jul 21 07:05:21 2021
Stochastic Gradient Descent,SGD,10,4,0.7142857142857143,0.6758116883116883,0.570791169614699,0.5925147913772701,0h:17m:40s,Wed Jul 21 07:05:21 2021,Wed Jul 21 07:23:01 2021
Support Vector Machine,SVM,10,4,0.6666666666666666,0.6909220681279504,0.5444686685863157,0.5658136419307452,0h:6m:44s,Wed Jul 21 07:23:01 2021,Wed Jul 21 07:29:45 2021
Extra Trees,ET,10,5,0.6285714285714286,0.5634744819075448,0.47658576717400253,0.49320748676222925,0h:17m:54s,Wed Jul 21 07:29:45 2021,Wed Jul 21 07:47:39 2021
Gradient Tree Boosting,GTB,10,5,0.6095238095238096,0.5496782183947959,0.5221472645002057,0.5280397558472424,0h:47m:30s,Wed Jul 21 07:47:39 2021,Wed Jul 21 08:35:10 2021
k-Nearest Neighbors,KNN,10,5,0.5904761904761905,0.6131195757990017,0.5729494035376388,0.5679712494382148,0h:4m:38s,Wed Jul 21 08:35:10 2021,Wed Jul 21 08:39:48 2021
Logistic Regression,LR,10,5,0.6476190476190476,0.6547605077938843,0.5657232963115316,0.5837721498149306,0h:36m:10s,Wed Jul 21 08:39:48 2021,Wed Jul 21 09:15:58 2021
Multilayer Perceptron,MLP,10,5,0.6857142857142857,0.634909534909535,0.6122363910599206,0.605699441384429,0h:15m:42s,Wed Jul 21 09:15:58 2021,Wed Jul 21 09:31:41 2021
Multinomial Naive Bayes,MNB,10,5,0.6666666666666666,0.6264528400892038,0.7152008775538187,0.6445305351370648,0h:3m:4s,Wed Jul 21 09:31:41 2021,Wed Jul 21 09:34:45 2021
Passive Aggressive,PA,10,5,0.6666666666666666,0.6880519863278485,0.5861154531742767,0.6057179837812249,0h:6m:15s,Wed Jul 21 09:34:45 2021,Wed Jul 21 09:41:01 2021
Random Forest,RF,10,5,0.6285714285714286,0.5558284058284059,0.48232003290826825,0.4892843040777738,0h:20m:8s,Wed Jul 21 09:48:39 2021,Wed Jul 21 10:08:48 2021
Stochastic Gradient Descent,SGD,10,5,0.6571428571428571,0.6150279051014347,0.5634951323186618,0.5801099599861209,0h:14m:17s,Wed Jul 21 10:08:48 2021,Wed Jul 21 10:23:05 2021
Support Vector Machine,SVM,10,5,0.6571428571428571,0.6308032245532246,0.5410475798711093,0.5600507148354038,0h:5m:58s,Wed Jul 21 10:23:05 2021,Wed Jul 21 10:29:04 2021
